ms_center,st_id,date,present,att_tot,att_per,tk,gp,cp,sgi_sch_mat,sgi_sch_hin,sgi_att_mat,sgi_att_hin,sgi_att_mat_tot,sgi_att_hin_tot,mean_attend,cal_att_mat_tot,cal_att_hin_tot,cal_att_tot,treat,strata,m_theta_mle1_z,h_theta_mle1_z,m_theta_mle2_z,h_theta_mle2_z,st_female1,ses_index,d_sch_grade4,d_sch_grade5,d_sch_grade6,d_sch_grade7,d_sch_grade8,d_sch_grade9
GP,GP044,2015-10-17,1.0,84.0,0.9767442,Orientation,Orientation,Orientation,,,0.0,0.0,29.0,32.0,0.27795526,34.0,30.0,64.0,1.0,6.0,0.32413772,0.45489365,2.0598278,1.7022612,0.0,-1.3373805,0.0,0.0,0.0,1.0,0.0,0.0
GP,GP028,2015-10-17,1.0,43.0,0.5,Orientation,Orientation,Orientation,,,0.0,0.0,17.0,15.0,0.27795526,20.0,13.0,33.0,1.0,6.0,-3.3459399,-2.2861621,0.331008,-1.3040055,0.0,-0.9738676,0.0,0.0,1.0,0.0,0.0,0.0
GP,GP043,2015-10-17,1.0,65.0,0.75581396,Orientation,Orientation,Orientation,,,0.0,0.0,21.0,25.0,0.27795526,22.0,22.0,44.0,1.0,6.0,0.98664063,-3.3458917,0.8762077,-0.71982163,0.0,-4.2518663,0.0,0.0,0.0,1.0,0.0,0.0
GP,GP048,2015-10-17,0.0,0.0,0.0,Orientation,Orientation,Orientation,,,0.0,0.0,0.0,0.0,0.27795526,0.0,0.0,,1.0,6.0,-0.8591655,-0.24121723,,,0.0,0.6448682,0.0,0.0,0.0,1.0,0.0,0.0
GP,GP031,2015-10-17,1.0,36.0,0.41860464,Orientation,Orientation,Orientation,,,0.0,0.0,15.0,11.0,0.27795526,16.0,14.0,30.0,1.0,6.0,-3.4588523,-0.47658265,-2.3918715,-0.6355802,0.0,-2.09886,0.0,0.0,1.0,0.0,0.0,0.0
GP,GP095,2015-10-17,1.0,64.0,0.74418604,Orientation,Orientation,Orientation,,,0.0,0.0,24.0,24.0,0.27795526,24.0,17.0,41.0,1.0,6.0,0.22822987,-0.16131574,1.4309305,0.6509899,0.0,1.3891865,0.0,0.0,1.0,0.0,0.0,0.0
GP,GP022,2015-10-17,1.0,84.0,0.9767442,Orientation,Orientation,Orientation,,,0.0,0.0,29.0,32.0,0.27795526,32.0,28.0,60.0,1.0,6.0,-2.4820364,0.38226536,-0.21860811,1.2764298,0.0,-0.13606916,0.0,0.0,0.0,1.0,0.0,0.0
GP,GP036,2015-10-17,0.0,71.0,0.8255814,Orientation,Orientation,Orientation,,,0.0,0.0,26.0,29.0,0.27795526,28.0,28.0,56.0,1.0,6.0,-3.712901,-2.9794645,-0.4626778,-0.9339395,0.0,-1.3516877,0.0,0.0,1.0,0.0,0.0,0.0
GP,GP047,2015-10-17,0.0,0.0,0.0,Orientation,Orientation,Orientation,,,0.0,0.0,0.0,0.0,0.27795526,0.0,0.0,,1.0,6.0,-1.6109493,,,,0.0,0.6448682,0.0,0.0,0.0,1.0,0.0,0.0
GP,GP041,2015-10-17,1.0,20.0,0.23255815,Orientation,Orientation,Orientation,,,0.0,0.0,7.0,9.0,0.27795526,5.0,7.0,12.0,1.0,7.0,0.89917195,1.9763924,1.8156884,1.7760997,0.0,0.18029445,0.0,0.0,0.0,1.0,0.0,0.0
GP,GP062,2015-10-17,1.0,77.0,0.89534885,Orientation,Orientation,Orientation,,,0.0,0.0,26.0,31.0,0.27795526,31.0,27.0,58.0,1.0,7.0,0.06878865,1.0332348,1.387029,0.93875396,1.0,-2.106704,0.0,0.0,1.0,0.0,0.0,0.0
GP,GP032,2015-10-17,1.0,37.0,0.43023255,Orientation,Orientation,Orientation,,,0.0,0.0,14.0,14.0,0.27795526,17.0,13.0,30.0,1.0,7.0,0.4507857,-0.32915738,0.6214883,0.4556606,0.0,2.8614082,0.0,0.0,0.0,1.0,0.0,0.0
GP,GP005,2015-10-17,1.0,76.0,0.88372093,Orientation,Orientation,Orientation,,,0.0,0.0,27.0,29.0,0.27795526,27.0,31.0,58.0,1.0,7.0,-0.49976787,-2.05991,0.06838174,0.2721873,1.0,0.6314769,1.0,0.0,0.0,0.0,0.0,0.0
GP,GP040,2015-10-17,1.0,26.0,0.30232558,Orientation,Orientation,Orientation,,,0.0,0.0,11.0,8.0,0.27795526,12.0,10.0,22.0,1.0,7.0,-1.5126224,-1.6248457,-0.5134148,-1.3590417,1.0,0.18029445,0.0,0.0,1.0,0.0,0.0,0.0
GP,GP085,2015-10-17,1.0,78.0,0.90697676,Orientation,Orientation,Orientation,,,0.0,0.0,25.0,30.0,0.27795526,22.0,24.0,46.0,1.0,8.0,-0.310022,0.014222339,0.09479214,-0.19366585,1.0,0.12410065,0.0,0.0,0.0,1.0,0.0,0.0
GP,GP059,2015-10-17,1.0,68.0,0.7906977,Orientation,Orientation,Orientation,,,0.0,0.0,23.0,28.0,0.27795526,23.0,25.0,48.0,1.0,8.0,1.406743,1.6609781,2.4226067,2.896524,1.0,-1.4454192,0.0,0.0,0.0,1.0,0.0,0.0
GP,GP086,2015-10-17,1.0,56.0,0.6511628,Orientation,Orientation,Orientation,,,0.0,0.0,19.0,23.0,0.27795526,18.0,20.0,38.0,1.0,8.0,-0.46308953,0.5851404,0.32886136,0.4496136,1.0,-1.8838367,0.0,0.0,0.0,1.0,0.0,0.0
GP,GP061,2015-10-17,1.0,67.0,0.7790698,Orientation,Orientation,Orientation,,,0.0,0.0,22.0,28.0,0.27795526,24.0,22.0,46.0,1.0,8.0,0.5785794,2.6523674,1.7744808,1.9628078,1.0,0.12410065,0.0,0.0,0.0,0.0,1.0,0.0
GP,GP065,2015-10-17,0.0,62.0,0.7209302,Orientation,Orientation,Orientation,,,0.0,0.0,21.0,23.0,0.27795526,20.0,20.0,40.0,1.0,8.0,-0.88073194,-0.11652858,-1.1880902,-0.089010455,0.0,2.0786529,1.0,0.0,0.0,0.0,0.0,0.0
GP,GP010,2015-10-17,0.0,75.0,0.872093,Orientation,Orientation,Orientation,,,0.0,0.0,26.0,31.0,0.27795526,29.0,29.0,58.0,1.0,8.0,0.77784985,1.7863984,0.9159924,1.2429688,0.0,1.6231838,0.0,1.0,0.0,0.0,0.0,0.0
GP,GP058,2015-10-17,1.0,54.0,0.627907,Orientation,Orientation,Orientation,,,0.0,0.0,22.0,20.0,0.27795526,22.0,19.0,41.0,1.0,8.0,1.7993236,1.307879,3.149095,3.2096944,1.0,3.658444,0.0,0.0,0.0,1.0,0.0,0.0
GP,GP004,2015-10-17,0.0,0.0,0.0,Orientation,Orientation,Orientation,,,0.0,0.0,0.0,0.0,0.27795526,0.0,0.0,,1.0,9.0,-2.6531522,-3.8187048,,,1.0,1.325412,0.0,1.0,0.0,0.0,0.0,0.0
GP,GP054,2015-10-17,1.0,76.0,0.88372093,Orientation,Orientation,Orientation,,,0.0,0.0,26.0,29.0,0.27795526,30.0,23.0,53.0,1.0,9.0,-0.09633866,0.49047604,0.5740995,0.578881,1.0,-0.6318316,0.0,0.0,1.0,0.0,0.0,0.0
GP,GP052,2015-10-17,1.0,26.0,0.30232558,Orientation,Orientation,Orientation,,,0.0,0.0,10.0,10.0,0.27795526,13.0,8.0,21.0,1.0,9.0,0.24476467,-0.1921479,0.7901142,0.28540337,1.0,0.9525119,0.0,0.0,0.0,0.0,1.0,0.0
GP,GP038,2015-10-17,1.0,25.0,0.29069766,Orientation,Orientation,Orientation,,,0.0,0.0,11.0,8.0,0.27795526,12.0,9.0,21.0,1.0,9.0,0.5465986,0.7045074,1.6472906,2.289282,1.0,1.4008003,0.0,0.0,0.0,0.0,1.0,0.0
GP,GP002,2015-10-17,0.0,40.0,0.4651163,Orientation,Orientation,Orientation,,,0.0,0.0,14.0,15.0,0.27795526,16.0,12.0,28.0,1.0,9.0,0.5805937,1.4570948,0.5994049,-0.8729645,0.0,-0.7830804,0.0,0.0,0.0,0.0,1.0,0.0
GP,GP070,2015-10-17,1.0,67.0,0.7790698,Orientation,Orientation,Orientation,,,0.0,0.0,24.0,24.0,0.27795526,24.0,23.0,47.0,1.0,9.0,0.6108951,1.1197604,2.2903929,1.1210027,1.0,0.17331654,0.0,0.0,0.0,0.0,1.0,0.0
GP,GP017,2015-10-17,0.0,0.0,0.0,Orientation,Orientation,Orientation,,,0.0,0.0,0.0,0.0,0.27795526,0.0,0.0,,1.0,9.0,0.49944854,0.33343485,,,1.0,2.8873222,0.0,0.0,0.0,1.0,0.0,0.0
GP,GP091,2015-10-17,1.0,23.0,0.26744187,Orientation,Orientation,Orientation,,,0.0,0.0,9.0,7.0,0.27795526,10.0,8.0,18.0,1.0,9.0,1.2417508,0.40965846,,,1.0,0.32163784,0.0,0.0,0.0,0.0,1.0,0.0
GP,GP055,2015-10-17,1.0,74.0,0.8604651,Orientation,Orientation,Orientation,,,0.0,0.0,25.0,28.0,0.27795526,27.0,25.0,52.0,1.0,9.0,-0.5614256,0.16315691,0.7647619,0.53183454,1.0,-2.106704,0.0,0.0,0.0,1.0,0.0,0.0
GP,GP087,2015-10-17,1.0,50.0,0.5813953,Orientation,Orientation,Orientation,,,0.0,0.0,21.0,18.0,0.27795526,16.0,12.0,28.0,1.0,9.0,-0.09847182,0.04886622,1.0316228,-0.12443738,1.0,-2.7798877,0.0,0.0,0.0,0.0,1.0,0.0
GP,GP011,2015-10-17,1.0,65.0,0.75581396,Orientation,Orientation,Orientation,,,0.0,0.0,25.0,24.0,0.27795526,27.0,18.0,45.0,1.0,10.0,-1.0620891,-0.58227193,-0.35912246,0.18707532,1.0,-1.2528337,0.0,0.0,0.0,1.0,0.0,0.0
GP,GP019,2015-10-17,1.0,49.0,0.5697674,Orientation,Orientation,Orientation,,,0.0,0.0,17.0,20.0,0.27795526,20.0,17.0,37.0,1.0,10.0,-1.5393175,1.1408468,1.0193487,0.5130315,1.0,1.3052963,0.0,0.0,0.0,0.0,1.0,0.0
GP,GP089,2015-10-17,1.0,70.0,0.81395346,Orientation,Orientation,Orientation,,,0.0,0.0,22.0,29.0,0.27795526,27.0,30.0,57.0,1.0,10.0,0.40752882,-0.04677035,0.40669703,-0.21421365,1.0,1.4008003,0.0,0.0,1.0,0.0,0.0,0.0
GP,GP012,2015-10-17,1.0,64.0,0.74418604,Orientation,Orientation,Orientation,,,0.0,0.0,26.0,21.0,0.27795526,27.0,15.0,42.0,1.0,10.0,0.11591287,0.22400557,1.3246838,0.9374075,1.0,-1.1279045,0.0,1.0,0.0,0.0,0.0,0.0
GP,GP039,2015-10-17,1.0,58.0,0.6744186,Orientation,Orientation,Orientation,,,0.0,0.0,22.0,22.0,0.27795526,27.0,24.0,51.0,1.0,11.0,1.368205,1.4575435,,,1.0,1.9357154,0.0,0.0,0.0,0.0,1.0,0.0
GP,GP015,2015-10-17,0.0,1.0,0.011627907,Orientation,Orientation,Orientation,,,0.0,0.0,1.0,0.0,0.27795526,0.0,0.0,,1.0,11.0,0.52353644,-0.61107075,,,0.0,0.22369985,0.0,0.0,0.0,0.0,1.0,0.0
GP,GP049,2015-10-17,1.0,67.0,0.7790698,Orientation,Orientation,Orientation,,,0.0,0.0,23.0,27.0,0.27795526,19.0,28.0,47.0,1.0,11.0,-0.8348001,-0.90362835,0.30415094,-0.005780488,1.0,1.2895874,0.0,1.0,0.0,0.0,0.0,0.0
GP,GP056,2015-10-17,1.0,71.0,0.8255814,Orientation,Orientation,Orientation,,,0.0,0.0,24.0,26.0,0.27795526,26.0,25.0,51.0,1.0,11.0,0.1713053,0.26594707,0.7209002,0.87196594,1.0,2.3849266,0.0,0.0,1.0,0.0,0.0,0.0
GP,GP007,2015-10-17,1.0,3.0,0.034883723,Orientation,Orientation,Orientation,,,0.0,0.0,2.0,0.0,0.27795526,1.0,1.0,2.0,1.0,11.0,0.42176,-0.699144,-0.031177422,-0.26758528,0.0,0.41429174,0.0,0.0,1.0,0.0,0.0,0.0
GP,GP076,2015-10-17,1.0,73.0,0.8488372,Orientation,Orientation,Orientation,,,0.0,0.0,25.0,28.0,0.27795526,29.0,30.0,59.0,1.0,11.0,0.3332526,0.31898052,1.8446082,-0.00600169,0.0,-1.254632,0.0,0.0,1.0,0.0,0.0,0.0
GP,GP016,2015-10-17,0.0,1.0,0.011627907,Orientation,Orientation,Orientation,,,0.0,0.0,1.0,0.0,0.27795526,0.0,0.0,,1.0,11.0,0.005709623,0.6628475,,,1.0,-2.0105643,0.0,0.0,0.0,1.0,0.0,0.0
TK,TK001,2015-10-17,0.0,76.0,0.88372093,Orientation,Orientation,Orientation,,,0.0,0.0,20.0,26.0,0.27795526,37.0,30.0,67.0,1.0,19.0,0.21136582,-0.12764482,-0.079427674,0.50278246,1.0,-0.6318316,0.0,0.0,0.0,1.0,0.0,0.0
TK,TK006,2015-10-17,0.0,53.0,0.61627907,Orientation,Orientation,Orientation,,,0.0,0.0,17.0,17.0,0.27795526,28.0,16.0,44.0,1.0,15.0,0.1756121,0.18064018,0.7354385,0.07847294,1.0,2.3849266,0.0,0.0,0.0,0.0,1.0,0.0
TK,TK007,2015-10-17,0.0,7.0,0.08139535,Orientation,Orientation,Orientation,,,0.0,0.0,3.0,2.0,0.27795526,5.0,3.0,8.0,1.0,19.0,-0.030022243,0.58891845,0.30507663,0.24359259,1.0,-0.060680747,0.0,0.0,0.0,0.0,1.0,0.0
TK,TK009,2015-10-17,0.0,74.0,0.8604651,Orientation,Orientation,Orientation,,,0.0,0.0,21.0,27.0,0.27795526,34.0,30.0,64.0,1.0,19.0,0.22828083,0.8112257,0.9418227,1.131061,1.0,-3.0513902,0.0,0.0,0.0,0.0,1.0,0.0
TK,TK011,2015-10-17,0.0,75.0,0.872093,Orientation,Orientation,Orientation,,,0.0,0.0,19.0,27.0,0.27795526,37.0,26.0,63.0,1.0,14.0,0.5225358,0.25327945,1.5002246,1.5128123,1.0,-1.6351523,0.0,0.0,1.0,0.0,0.0,0.0
TK,TK012,2015-10-17,0.0,34.0,0.39534885,Orientation,Orientation,Orientation,,,0.0,0.0,11.0,7.0,0.27795526,18.0,10.0,28.0,1.0,17.0,0.51922965,0.5776652,1.31132,1.1609074,1.0,0.22369985,0.0,0.0,0.0,0.0,1.0,0.0
TK,TK018,2015-10-17,0.0,76.0,0.88372093,Orientation,Orientation,Orientation,,,0.0,0.0,20.0,28.0,0.27795526,33.0,28.0,61.0,1.0,15.0,-0.22115386,-0.6297295,0.30896312,-2.8855014,1.0,-2.4717996,0.0,0.0,0.0,1.0,0.0,0.0
TK,TK022,2015-10-17,0.0,80.0,0.9302326,Orientation,Orientation,Orientation,,,0.0,0.0,22.0,26.0,0.27795526,38.0,26.0,64.0,1.0,17.0,1.0246384,0.9859719,1.2921642,1.312792,1.0,0.21265964,0.0,0.0,0.0,1.0,0.0,0.0
TK,TK023,2015-10-17,0.0,65.0,0.75581396,Orientation,Orientation,Orientation,,,0.0,0.0,16.0,22.0,0.27795526,33.0,23.0,56.0,1.0,17.0,-0.51438546,-0.47525144,-1.9438864,-0.76178604,1.0,-1.4011551,0.0,0.0,0.0,0.0,1.0,0.0
TK,TK024,2015-10-17,0.0,74.0,0.8604651,Orientation,Orientation,Orientation,,,0.0,0.0,18.0,26.0,0.27795526,31.0,25.0,56.0,1.0,14.0,-1.1849837,-0.26745382,1.2962655,1.330913,1.0,0.5956523,0.0,0.0,1.0,0.0,0.0,0.0
TK,TK027,2015-10-17,0.0,67.0,0.7790698,Orientation,Orientation,Orientation,,,0.0,0.0,16.0,21.0,0.27795526,28.0,22.0,50.0,1.0,17.0,0.40027976,0.91894746,1.000091,0.01608893,1.0,-0.92960346,0.0,0.0,1.0,0.0,0.0,0.0
TK,TK030,2015-10-17,0.0,61.0,0.7093023,Orientation,Orientation,Orientation,,,0.0,0.0,17.0,23.0,0.27795526,28.0,24.0,52.0,1.0,14.0,1.161358,0.4660908,1.2597822,0.47801414,1.0,2.9234054,0.0,0.0,0.0,0.0,1.0,0.0
TK,TK031,2015-10-17,0.0,0.0,0.0,Orientation,Orientation,Orientation,,,0.0,0.0,0.0,0.0,0.27795526,0.0,0.0,,1.0,14.0,-3.271582,-0.59235907,-0.20914426,-0.106875,1.0,2.1308188,,,,,,
TK,TK032,2015-10-17,0.0,81.0,0.94186044,Orientation,Orientation,Orientation,,,0.0,0.0,23.0,27.0,0.27795526,38.0,27.0,65.0,1.0,17.0,-1.5284289,-0.590115,0.6618828,0.25499904,1.0,-2.106704,0.0,0.0,1.0,0.0,0.0,0.0
TK,TK035,2015-10-17,0.0,53.0,0.61627907,Orientation,Orientation,Orientation,,,0.0,0.0,15.0,18.0,0.27795526,26.0,17.0,43.0,1.0,17.0,-0.9095384,-1.5054203,-0.51114976,-1.9708599,1.0,-2.2494164,0.0,0.0,0.0,1.0,0.0,0.0
TK,TK037,2015-10-17,0.0,68.0,0.7906977,Orientation,Orientation,Orientation,,,0.0,0.0,20.0,24.0,0.27795526,30.0,24.0,54.0,1.0,19.0,-0.8535109,-0.9973109,0.30038613,0.050627034,0.0,0.12410065,,,,,,
TK,TK038,2015-10-17,0.0,67.0,0.7790698,Orientation,Orientation,Orientation,,,0.0,0.0,20.0,21.0,0.27795526,32.0,23.0,55.0,1.0,19.0,0.28590822,0.40355453,1.4231484,1.3452911,1.0,1.7003706,0.0,0.0,0.0,0.0,0.0,1.0
TK,TK040,2015-10-17,0.0,1.0,0.011627907,Orientation,Orientation,Orientation,,,0.0,0.0,0.0,0.0,0.27795526,0.0,0.0,,1.0,15.0,-0.5334361,-1.7388934,-0.3672774,-0.77267784,1.0,-0.04593521,0.0,0.0,0.0,0.0,0.0,1.0
TK,TK046,2015-10-17,0.0,1.0,0.011627907,Orientation,Orientation,Orientation,,,0.0,0.0,0.0,0.0,0.27795526,0.0,0.0,,1.0,16.0,1.8521152,1.9188396,,,0.0,0.12410065,0.0,0.0,0.0,0.0,0.0,1.0
TK,TK047,2015-10-17,0.0,19.0,0.22093023,Orientation,Orientation,Orientation,,,0.0,0.0,5.0,4.0,0.27795526,12.0,5.0,17.0,1.0,13.0,0.5495618,0.37059453,,,0.0,1.4008003,0.0,0.0,0.0,0.0,1.0,0.0
TK,TK048,2015-10-17,0.0,1.0,0.011627907,Orientation,Orientation,Orientation,,,0.0,0.0,0.0,1.0,0.27795526,0.0,0.0,,1.0,12.0,0.96345305,-0.27546838,,,0.0,0.12410065,0.0,0.0,0.0,0.0,0.0,1.0
TK,TK049,2015-10-17,0.0,3.0,0.034883723,Orientation,Orientation,Orientation,,,0.0,0.0,0.0,1.0,0.27795526,1.0,2.0,3.0,1.0,19.0,1.549004,1.3373407,2.15212,-0.19712575,0.0,0.5956523,0.0,0.0,0.0,1.0,0.0,0.0
TK,TK050,2015-10-17,0.0,33.0,0.38372093,Orientation,Orientation,Orientation,,,0.0,0.0,11.0,9.0,0.27795526,22.0,10.0,32.0,1.0,12.0,1.0219195,1.0530149,1.4334382,1.456157,0.0,0.12410065,0.0,0.0,0.0,1.0,0.0,0.0
TK,TK051,2015-10-17,0.0,37.0,0.43023255,Orientation,Orientation,Orientation,,,0.0,0.0,12.0,10.0,0.27795526,18.0,10.0,28.0,1.0,12.0,0.34141332,0.16637911,1.0134183,0.6314608,0.0,0.12410065,0.0,0.0,0.0,0.0,0.0,1.0
TK,TK052,2015-10-17,0.0,59.0,0.68604654,Orientation,Orientation,Orientation,,,0.0,0.0,17.0,17.0,0.27795526,29.0,18.0,47.0,1.0,17.0,0.24470644,0.4581668,0.9080606,0.2903035,1.0,-3.8073223,0.0,0.0,1.0,0.0,0.0,0.0
TK,TK060,2015-10-17,0.0,55.0,0.6395349,Orientation,Orientation,Orientation,,,0.0,0.0,16.0,16.0,0.27795526,35.0,11.0,46.0,1.0,13.0,0.23386496,0.15321977,1.3405553,0.91721797,0.0,-0.6318316,0.0,0.0,1.0,0.0,0.0,0.0
TK,TK062,2015-10-17,0.0,64.0,0.74418604,Orientation,Orientation,Orientation,,,0.0,0.0,15.0,24.0,0.27795526,36.0,21.0,57.0,1.0,13.0,-0.3036386,0.15725304,-0.08286408,-0.37329936,0.0,-0.63941234,0.0,0.0,0.0,0.0,1.0,0.0
TK,TK068,2015-10-17,0.0,76.0,0.88372093,Orientation,Orientation,Orientation,,,0.0,0.0,20.0,26.0,0.27795526,39.0,26.0,65.0,1.0,13.0,0.13513578,-0.28927755,0.29082215,0.5402314,0.0,-2.106704,0.0,0.0,1.0,0.0,0.0,0.0
TK,TK070,2015-10-17,0.0,72.0,0.8372093,Orientation,Orientation,Orientation,,,0.0,0.0,19.0,24.0,0.27795526,38.0,20.0,58.0,1.0,13.0,-1.1777599,-0.20020255,-0.11847866,-0.16999073,0.0,-0.16027994,0.0,0.0,0.0,1.0,0.0,0.0
TK,TK071,2015-10-17,0.0,69.0,0.8023256,Orientation,Orientation,Orientation,,,0.0,0.0,18.0,26.0,0.27795526,39.0,26.0,65.0,1.0,13.0,-0.3085562,0.015135201,1.0418859,0.19104688,0.0,-0.6318316,0.0,0.0,0.0,1.0,0.0,0.0
TK,TK072,2015-10-17,0.0,79.0,0.9186047,Orientation,Orientation,Orientation,,,0.0,0.0,22.0,26.0,0.27795526,37.0,32.0,69.0,1.0,17.0,-0.3344529,0.33289868,-0.28034347,-1.6148916,1.0,-1.5390126,0.0,0.0,0.0,0.0,1.0,0.0
TK,TK073,2015-10-17,0.0,0.0,0.0,Orientation,Orientation,Orientation,,,0.0,0.0,0.0,0.0,0.27795526,0.0,0.0,,1.0,16.0,1.2433444,1.7217847,1.7767459,1.9412725,1.0,0.8180357,0.0,0.0,1.0,0.0,0.0,0.0
TK,TK074,2015-10-17,0.0,22.0,0.25581396,Orientation,Orientation,Orientation,,,0.0,0.0,6.0,7.0,0.27795526,15.0,7.0,22.0,1.0,16.0,-0.09923061,0.085405566,0.71912855,1.1488373,0.0,-0.58144826,0.0,0.0,0.0,0.0,1.0,0.0
TK,TK076,2015-10-17,0.0,76.0,0.88372093,Orientation,Orientation,Orientation,,,0.0,0.0,20.0,26.0,0.27795526,41.0,27.0,68.0,1.0,12.0,0.69599116,-0.20186639,0.8059307,0.1782969,0.0,-1.3373805,0.0,0.0,1.0,0.0,0.0,0.0
TK,TK082,2015-10-17,0.0,80.0,0.9302326,Orientation,Orientation,Orientation,,,0.0,0.0,23.0,27.0,0.27795526,37.0,29.0,66.0,1.0,14.0,-0.24263614,0.06313621,-0.16889769,-0.06192594,1.0,-1.3373805,0.0,0.0,0.0,1.0,0.0,0.0
TK,TK088,2015-10-17,0.0,42.0,0.4883721,Orientation,Orientation,Orientation,,,0.0,0.0,9.0,14.0,0.27795526,21.0,10.0,31.0,1.0,17.0,0.12536697,-0.31608477,0.4275043,-0.1641553,1.0,-0.70721996,0.0,0.0,0.0,0.0,1.0,0.0
TK,TK092,2015-10-17,0.0,73.0,0.8488372,Orientation,Orientation,Orientation,,,0.0,0.0,19.0,27.0,0.27795526,34.0,25.0,59.0,1.0,16.0,0.0012604166,-0.04987198,1.4742575,0.03578961,1.0,0.41429174,0.0,0.0,0.0,0.0,1.0,0.0
TK,TK094,2015-10-17,0.0,82.0,0.95348835,Orientation,Orientation,Orientation,,,0.0,0.0,23.0,27.0,0.27795526,40.0,26.0,66.0,1.0,15.0,-0.72544706,-0.74902683,-0.061340507,-0.26284385,1.0,1.3891865,0.0,0.0,0.0,1.0,0.0,0.0
TK,TK095,2015-10-17,0.0,79.0,0.9186047,Orientation,Orientation,Orientation,,,0.0,0.0,21.0,26.0,0.27795526,38.0,28.0,66.0,1.0,19.0,0.2526428,0.3252776,-0.4113123,1.6655062,1.0,1.9133749,0.0,0.0,0.0,1.0,0.0,0.0
TK,TK096,2015-10-17,0.0,77.0,0.89534885,Orientation,Orientation,Orientation,,,0.0,0.0,22.0,26.0,0.27795526,39.0,28.0,67.0,1.0,17.0,-0.23154879,-0.36742386,1.0485492,0.5182466,1.0,-0.29125717,0.0,0.0,1.0,0.0,0.0,0.0
TK,TK097,2015-10-17,0.0,79.0,0.9186047,Orientation,Orientation,Orientation,,,0.0,0.0,22.0,28.0,0.27795526,40.0,25.0,65.0,1.0,17.0,0.8008554,0.6053148,1.1388208,1.034445,1.0,-0.58144826,0.0,0.0,0.0,0.0,1.0,0.0
TK,TK098,2015-10-17,0.0,79.0,0.9186047,Orientation,Orientation,Orientation,,,0.0,0.0,22.0,28.0,0.27795526,39.0,29.0,68.0,1.0,17.0,0.3345745,1.0701501,1.6183709,1.3605027,1.0,-0.58144826,0.0,0.0,1.0,0.0,0.0,0.0
TK,TK105,2015-10-17,0.0,65.0,0.75581396,Orientation,Orientation,Orientation,,,0.0,0.0,17.0,23.0,0.27795526,31.0,25.0,56.0,1.0,17.0,-0.3958267,-0.7529379,0.74455696,-0.4604324,1.0,0.86725163,0.0,0.0,0.0,0.0,1.0,0.0
TK,TK107,2015-10-17,0.0,58.0,0.6744186,Orientation,Orientation,Orientation,,,0.0,0.0,17.0,16.0,0.27795526,23.0,15.0,38.0,1.0,19.0,-1.4954566,-0.3104858,-0.1909657,0.04005097,1.0,-0.54562366,0.0,0.0,0.0,0.0,1.0,0.0
TK,TK108,2015-10-17,0.0,79.0,0.9186047,Orientation,Orientation,Orientation,,,0.0,0.0,20.0,26.0,0.27795526,42.0,30.0,72.0,1.0,12.0,-0.5164807,0.5992173,0.08955341,0.73894614,1.0,-1.4958025,0.0,0.0,0.0,1.0,0.0,0.0
TK,TK109,2015-10-17,0.0,76.0,0.88372093,Orientation,Orientation,Orientation,,,0.0,0.0,23.0,27.0,0.27795526,39.0,29.0,68.0,1.0,15.0,0.16037565,1.5403342,1.0984335,1.2846527,1.0,-1.0471894,0.0,0.0,1.0,0.0,0.0,0.0
TK,TK110,2015-10-17,0.0,74.0,0.8604651,Orientation,Orientation,Orientation,,,0.0,0.0,21.0,25.0,0.27795526,37.0,29.0,66.0,1.0,17.0,0.2591761,0.6797639,1.3266737,0.8577336,1.0,0.12410065,0.0,0.0,0.0,0.0,1.0,0.0
TK,TK112,2015-10-17,0.0,73.0,0.8488372,Orientation,Orientation,Orientation,,,0.0,0.0,21.0,27.0,0.27795526,37.0,21.0,58.0,1.0,13.0,0.120159805,0.2795367,0.946098,0.83814836,1.0,-4.957415,0.0,0.0,1.0,0.0,0.0,0.0
TK,TK113,2015-10-17,0.0,67.0,0.7790698,Orientation,Orientation,Orientation,,,0.0,0.0,18.0,22.0,0.27795526,33.0,24.0,57.0,1.0,15.0,-1.0716184,-1.0975976,-3.1484442,-1.3154583,1.0,1.2895874,0.0,0.0,0.0,1.0,0.0,0.0
TK,TK115,2015-10-17,0.0,16.0,0.18604651,Orientation,Orientation,Orientation,,,0.0,0.0,5.0,3.0,0.27795526,7.0,5.0,12.0,1.0,16.0,-1.9033504,-0.9231279,0.33126134,-0.67581344,1.0,-2.106704,0.0,0.0,1.0,0.0,0.0,0.0
TK,TK126,2015-10-17,0.0,56.0,0.6511628,Orientation,Orientation,Orientation,,,0.0,0.0,19.0,16.0,0.27795526,27.0,17.0,44.0,1.0,17.0,-0.46567574,-0.46628392,-0.17709309,-0.36430702,1.0,-1.5765177,0.0,0.0,0.0,0.0,0.0,1.0
TK,TK129,2015-10-17,0.0,11.0,0.12790698,Orientation,Orientation,Orientation,,,0.0,0.0,4.0,3.0,0.27795526,6.0,1.0,7.0,1.0,17.0,0.43390465,0.1566344,0.8363987,0.8246422,1.0,-2.2378025,0.0,0.0,0.0,0.0,0.0,1.0
TK,TK130,2015-10-17,0.0,60.0,0.6976744,Orientation,Orientation,Orientation,,,0.0,0.0,19.0,18.0,0.27795526,34.0,26.0,60.0,1.0,14.0,1.3962187,1.0738448,1.939732,0.8240867,1.0,-0.16027994,0.0,0.0,0.0,0.0,0.0,1.0
TK,TK131,2015-10-17,0.0,75.0,0.872093,Orientation,Orientation,Orientation,,,0.0,0.0,20.0,26.0,0.27795526,36.0,27.0,63.0,1.0,14.0,-0.47307274,-0.087078154,0.23381077,0.6413516,1.0,-1.3103728,0.0,0.0,1.0,0.0,0.0,0.0
TK,TK134,2015-10-17,0.0,81.0,0.94186044,Orientation,Orientation,Orientation,,,0.0,0.0,23.0,27.0,0.27795526,41.0,26.0,67.0,1.0,14.0,1.8702921,1.0137674,1.2804103,1.5828917,1.0,0.8858434,0.0,0.0,0.0,0.0,0.0,1.0
TK,TK135,2015-10-17,0.0,4.0,0.046511628,Orientation,Orientation,Orientation,,,0.0,0.0,0.0,1.0,0.27795526,1.0,1.0,2.0,1.0,19.0,0.30041137,0.46115303,,,1.0,-1.3015559,0.0,0.0,0.0,1.0,0.0,0.0
TK,TK142,2015-10-17,0.0,81.0,0.94186044,Orientation,Orientation,Orientation,,,0.0,0.0,23.0,28.0,0.27795526,39.0,30.0,69.0,1.0,14.0,0.29221764,0.46941367,1.4110708,0.93802786,1.0,1.4008003,0.0,0.0,0.0,0.0,1.0,0.0
TK,TK143,2015-10-17,0.0,81.0,0.94186044,Orientation,Orientation,Orientation,,,0.0,0.0,23.0,26.0,0.27795526,39.0,29.0,68.0,1.0,14.0,-0.7257221,-0.11767866,-0.4046895,-0.9957561,1.0,-1.8608983,,,,,,
TK,TK144,2015-10-17,0.0,79.0,0.9186047,Orientation,Orientation,Orientation,,,0.0,0.0,21.0,28.0,0.27795526,37.0,32.0,69.0,1.0,17.0,-0.09264824,0.90287906,0.45355147,0.14189082,1.0,0.12410065,0.0,0.0,0.0,0.0,1.0,0.0
TK,TK146,2015-10-17,0.0,1.0,0.011627907,Orientation,Orientation,Orientation,,,0.0,0.0,0.0,0.0,0.27795526,0.0,0.0,,1.0,19.0,-0.42073488,-0.21771365,-0.6993263,,1.0,-1.382271,0.0,0.0,0.0,1.0,0.0,0.0
TK,TK148,2015-10-17,0.0,26.0,0.30232558,Orientation,Orientation,Orientation,,,0.0,0.0,9.0,6.0,0.27795526,14.0,7.0,21.0,1.0,17.0,0.32200915,-0.6608502,-3.5701227,-2.9954617,1.0,-1.7024763,0.0,0.0,0.0,1.0,0.0,0.0
TK,TK150,2015-10-17,0.0,38.0,0.44186047,Orientation,Orientation,Orientation,,,0.0,0.0,12.0,10.0,0.27795526,16.0,11.0,27.0,1.0,17.0,-1.1299514,-0.90701854,-0.30241144,0.62887365,1.0,-2.174028,0.0,0.0,0.0,0.0,1.0,0.0
TK,TK151,2015-10-17,0.0,59.0,0.68604654,Orientation,Orientation,Orientation,,,0.0,0.0,15.0,18.0,0.27795526,30.0,22.0,52.0,1.0,18.0,0.21695158,0.05353473,0.3355542,0.3296047,1.0,-0.07407202,0.0,0.0,0.0,1.0,0.0,0.0
TK,TK157,2015-10-17,0.0,67.0,0.7790698,Orientation,Orientation,Orientation,,,0.0,0.0,19.0,22.0,0.27795526,35.0,20.0,55.0,1.0,17.0,1.4036772,0.8125722,1.7497029,0.9993892,1.0,1.7003706,0.0,0.0,0.0,0.0,1.0,0.0
TK,TK159,2015-10-17,0.0,71.0,0.8255814,Orientation,Orientation,Orientation,,,0.0,0.0,21.0,22.0,0.27795526,34.0,23.0,57.0,1.0,14.0,0.085806385,0.7449683,2.2378843,1.453352,1.0,-0.64522284,0.0,0.0,0.0,0.0,1.0,0.0
TK,TK160,2015-10-17,0.0,1.0,0.011627907,Orientation,Orientation,Orientation,,,0.0,0.0,0.0,0.0,0.27795526,0.0,0.0,,1.0,17.0,1.0918761,0.6740191,0.23711206,0.29124442,1.0,-3.2567968,0.0,0.0,0.0,0.0,0.0,1.0
TK,TK165,2015-10-17,0.0,71.0,0.8255814,Orientation,Orientation,Orientation,,,0.0,0.0,23.0,20.0,0.27795526,32.0,27.0,59.0,1.0,17.0,-0.40165028,0.18959032,1.2772635,0.84797347,1.0,0.22369985,0.0,0.0,1.0,0.0,0.0,0.0
TK,TK168,2015-10-17,0.0,62.0,0.7209302,Orientation,Orientation,Orientation,,,0.0,0.0,14.0,21.0,0.27795526,27.0,20.0,47.0,1.0,17.0,0.6880748,-0.118919335,0.78932464,0.61107486,1.0,-2.174028,0.0,0.0,1.0,0.0,0.0,0.0
TK,TK169,2015-10-17,0.0,78.0,0.90697676,Orientation,Orientation,Orientation,,,0.0,0.0,20.0,27.0,0.27795526,37.0,31.0,68.0,1.0,19.0,-0.77262473,0.8363932,0.30914474,1.2321811,1.0,-0.58144826,,,,,,
TK,TK171,2015-10-17,0.0,71.0,0.8255814,Orientation,Orientation,Orientation,,,0.0,0.0,19.0,25.0,0.27795526,33.0,28.0,61.0,1.0,19.0,-0.03419155,-1.0081627,0.056596227,-0.14778388,1.0,-1.4440095,0.0,0.0,1.0,0.0,0.0,0.0
TK,TK173,2015-10-17,0.0,60.0,0.6976744,Orientation,Orientation,Orientation,,,0.0,0.0,15.0,19.0,0.27795526,33.0,21.0,54.0,1.0,12.0,-0.11950197,-0.42045245,0.6128487,-0.5105718,0.0,-2.106704,0.0,0.0,1.0,0.0,0.0,0.0
TK,TK176,2015-10-17,0.0,77.0,0.89534885,Orientation,Orientation,Orientation,,,0.0,0.0,23.0,27.0,0.27795526,48.0,32.0,80.0,1.0,12.0,1.3540727,1.7217206,1.9708519,1.3565917,0.0,0.22369985,0.0,0.0,0.0,0.0,0.0,1.0
TK,TK178,2015-10-17,0.0,73.0,0.8488372,Orientation,Orientation,Orientation,,,0.0,0.0,19.0,26.0,0.27795526,32.0,26.0,58.0,1.0,19.0,-0.22827013,-1.2361538,0.9211235,-0.050633375,0.0,0.09818676,0.0,0.0,1.0,0.0,0.0,0.0
TK,TK179,2015-10-17,0.0,72.0,0.8372093,Orientation,Orientation,Orientation,,,0.0,0.0,19.0,25.0,0.27795526,38.0,29.0,67.0,1.0,19.0,0.41653582,0.77503264,2.0396204,0.5364694,0.0,0.7921218,0.0,0.0,0.0,0.0,0.0,1.0
TK,TK180,2015-10-17,0.0,77.0,0.89534885,Orientation,Orientation,Orientation,,,0.0,0.0,23.0,27.0,0.27795526,41.0,28.0,69.0,1.0,12.0,0.44657272,-1.3498169,-0.38349673,-0.24474284,0.0,-2.106704,0.0,0.0,0.0,1.0,0.0,0.0
TK,TK182,2015-10-17,0.0,75.0,0.872093,Orientation,Orientation,Orientation,,,0.0,0.0,23.0,24.0,0.27795526,43.0,29.0,72.0,1.0,19.0,-0.55103064,-0.94137704,0.8524191,-0.11142968,0.0,-1.3373805,0.0,0.0,0.0,0.0,1.0,0.0
TK,TK185,2015-10-17,0.0,70.0,0.81395346,Orientation,Orientation,Orientation,,,0.0,0.0,22.0,22.0,0.27795526,35.0,19.0,54.0,1.0,12.0,-2.9440162,-0.5356086,-0.9662777,-1.0453584,0.0,-0.5322324,0.0,0.0,1.0,0.0,0.0,0.0
TK,TK188,2015-10-17,0.0,77.0,0.89534885,Orientation,Orientation,Orientation,,,0.0,0.0,21.0,27.0,0.27795526,43.0,27.0,70.0,1.0,13.0,0.13610815,-0.015071807,0.78143346,-0.48095545,0.0,1.6909915,,,,,,
TK,TK190,2015-10-17,0.0,64.0,0.74418604,Orientation,Orientation,Orientation,,,0.0,0.0,16.0,24.0,0.27795526,30.0,22.0,52.0,1.0,19.0,0.23365384,-0.6502309,0.5620341,0.34315735,1.0,-0.6318316,0.0,0.0,1.0,0.0,0.0,0.0
TK,TK191,2015-10-17,0.0,29.0,0.3372093,Orientation,Orientation,Orientation,,,0.0,0.0,8.0,10.0,0.27795526,15.0,9.0,24.0,1.0,12.0,0.54225624,1.0133586,1.5545856,1.2281898,0.0,-2.0105643,0.0,0.0,1.0,0.0,0.0,0.0
TK,TK192,2015-10-17,0.0,70.0,0.81395346,Orientation,Orientation,Orientation,,,0.0,0.0,20.0,26.0,0.27795526,34.0,23.0,57.0,1.0,12.0,-0.39101586,-0.5645637,0.8376251,-1.7423156,0.0,-2.7798877,0.0,0.0,0.0,1.0,0.0,0.0
TK,TK194,2015-10-17,0.0,64.0,0.74418604,Orientation,Orientation,Orientation,,,0.0,0.0,16.0,25.0,0.27795526,31.0,21.0,52.0,1.0,12.0,-0.8158628,-1.2223928,-0.028260352,-0.5795381,0.0,-1.3373805,0.0,0.0,1.0,0.0,0.0,0.0
TK,TK196,2015-10-17,0.0,7.0,0.08139535,Orientation,Orientation,Orientation,,,0.0,0.0,2.0,1.0,0.27795526,0.0,2.0,2.0,1.0,19.0,-0.051159143,0.5274113,,,0.0,-0.17367122,0.0,0.0,0.0,0.0,0.0,1.0
TK,TK198,2015-10-17,0.0,78.0,0.90697676,Orientation,Orientation,Orientation,,,0.0,0.0,21.0,26.0,0.27795526,39.0,28.0,67.0,1.0,12.0,0.30344918,-0.5943667,0.881685,0.45016822,0.0,-0.8658289,0.0,0.0,1.0,0.0,0.0,0.0
TK,TK199,2015-10-17,0.0,70.0,0.81395346,Orientation,Orientation,Orientation,,,0.0,0.0,22.0,24.0,0.27795526,36.0,23.0,59.0,1.0,19.0,-0.7920959,-0.12771054,0.2771032,1.0569019,0.0,0.12410065,0.0,0.0,1.0,0.0,0.0,0.0
TK,TK207,2015-10-17,0.0,70.0,0.81395346,Orientation,Orientation,Orientation,,,0.0,0.0,20.0,24.0,0.27795526,32.0,22.0,54.0,1.0,12.0,-0.39533243,-3.357473,-0.14349441,-1.7683792,0.0,0.5138909,0.0,0.0,1.0,0.0,0.0,0.0
TK,TK209,2015-10-17,0.0,71.0,0.8255814,Orientation,Orientation,Orientation,,,0.0,0.0,20.0,25.0,0.27795526,24.0,31.0,55.0,1.0,12.0,1.56638,0.30816483,1.4884706,0.5933009,0.0,-0.6318316,,,,,,
TK,TK211,2015-10-17,0.0,1.0,0.011627907,Orientation,Orientation,Orientation,,,0.0,0.0,0.0,1.0,0.27795526,0.0,0.0,,1.0,12.0,0.59480196,-0.163551,1.1570867,0.040711377,0.0,-0.6318316,0.0,0.0,0.0,0.0,1.0,0.0
TK,TK214,2015-10-17,0.0,78.0,0.90697676,Orientation,Orientation,Orientation,,,0.0,0.0,23.0,25.0,0.27795526,40.0,26.0,66.0,1.0,12.0,-0.37516788,-0.06052339,0.2821433,-0.15042149,0.0,-2.0639875,0.0,0.0,1.0,0.0,0.0,0.0
TK,TK218,2015-10-17,0.0,70.0,0.81395346,Orientation,Orientation,Orientation,,,0.0,0.0,18.0,26.0,0.27795526,36.0,24.0,60.0,1.0,19.0,-0.2997751,0.09801332,0.9877611,0.6448115,0.0,0.17331654,0.0,0.0,0.0,0.0,0.0,1.0
TK,TK220,2015-10-17,0.0,60.0,0.6976744,Orientation,Orientation,Orientation,,,0.0,0.0,19.0,20.0,0.27795526,30.0,15.0,45.0,1.0,12.0,0.7323742,-0.05455731,,,0.0,-2.8798926,0.0,0.0,0.0,0.0,1.0,0.0
TK,TK222,2015-10-17,0.0,64.0,0.74418604,Orientation,Orientation,Orientation,,,0.0,0.0,18.0,23.0,0.27795526,32.0,22.0,54.0,1.0,13.0,0.5910048,0.6998477,-0.032419942,1.6508555,0.0,0.5956523,0.0,0.0,0.0,1.0,0.0,0.0
TK,TK226,2015-10-17,0.0,39.0,0.45348838,Orientation,Orientation,Orientation,,,0.0,0.0,12.0,13.0,0.27795526,21.0,14.0,35.0,1.0,14.0,0.35122696,0.48450994,0.3805998,0.47286394,1.0,1.6909915,0.0,0.0,0.0,0.0,1.0,0.0
TK,TK227,2015-10-17,0.0,78.0,0.90697676,Orientation,Orientation,Orientation,,,0.0,0.0,23.0,26.0,0.27795526,34.0,28.0,62.0,1.0,17.0,-0.054050297,0.5604058,0.7501823,0.9668267,1.0,-1.3050153,0.0,0.0,0.0,1.0,0.0,0.0
TK,TK230,2015-10-17,0.0,65.0,0.75581396,Orientation,Orientation,Orientation,,,0.0,0.0,16.0,24.0,0.27795526,34.0,21.0,55.0,1.0,19.0,0.66103345,-0.25367993,1.84388,0.3245723,0.0,-0.4496792,0.0,0.0,0.0,1.0,0.0,0.0
TK,TK232,2015-10-17,0.0,40.0,0.4651163,Orientation,Orientation,Orientation,,,0.0,0.0,11.0,13.0,0.27795526,17.0,21.0,38.0,1.0,13.0,1.6839358,1.2492522,1.5785222,1.0631373,0.0,-2.37566,0.0,0.0,0.0,0.0,0.0,1.0
TK,TK235,2015-10-17,0.0,61.0,0.7093023,Orientation,Orientation,Orientation,,,0.0,0.0,17.0,21.0,0.27795526,26.0,21.0,47.0,1.0,17.0,0.5648379,-0.5289252,,,1.0,-1.4818702,0.0,0.0,0.0,0.0,1.0,0.0
TK,TK241,2015-10-17,0.0,81.0,0.94186044,Orientation,Orientation,Orientation,,,0.0,0.0,22.0,28.0,0.27795526,39.0,27.0,66.0,1.0,14.0,0.7594415,-0.07170133,0.8313736,0.25789326,1.0,-0.6318316,0.0,0.0,0.0,0.0,1.0,0.0
TK,TK244,2015-10-17,0.0,13.0,0.15116279,Orientation,Orientation,Orientation,,,0.0,0.0,1.0,3.0,0.27795526,5.0,3.0,8.0,1.0,12.0,-2.8800528,-2.6252916,,,0.0,-4.190315,0.0,0.0,1.0,0.0,0.0,0.0
TK,TK246,2015-10-17,0.0,82.0,0.95348835,Orientation,Orientation,Orientation,,,0.0,0.0,23.0,27.0,0.27795526,40.0,31.0,71.0,1.0,14.0,0.8284671,0.8208136,1.8881294,1.3437042,1.0,0.92924875,0.0,0.0,1.0,0.0,0.0,0.0
TK,TK248,2015-10-17,0.0,55.0,0.6395349,Orientation,Orientation,Orientation,,,0.0,0.0,15.0,14.0,0.27795526,29.0,20.0,49.0,1.0,17.0,-1.233205,0.05463593,0.40040007,0.5110647,1.0,-0.16027994,0.0,0.0,0.0,0.0,1.0,0.0
TK,TK249,2015-10-17,0.0,58.0,0.6744186,Orientation,Orientation,Orientation,,,0.0,0.0,16.0,18.0,0.27795526,30.0,25.0,55.0,1.0,17.0,0.49837506,-0.14594212,0.6315879,0.76652914,1.0,-2.2406566,0.0,0.0,0.0,0.0,1.0,0.0
TK,TK256,2015-10-17,0.0,61.0,0.7093023,Orientation,Orientation,Orientation,,,0.0,0.0,17.0,19.0,0.27795526,29.0,23.0,52.0,1.0,15.0,0.25709775,0.21804294,0.7760378,0.48685104,1.0,2.3849266,0.0,0.0,1.0,0.0,0.0,0.0
TK,TK259,2015-10-17,0.0,78.0,0.90697676,Orientation,Orientation,Orientation,,,0.0,0.0,21.0,27.0,0.27795526,38.0,23.0,61.0,1.0,14.0,-0.2820738,-0.08263966,0.7987885,-0.71574223,1.0,-2.074339,0.0,0.0,0.0,0.0,1.0,0.0
TK,TK263,2015-10-17,0.0,74.0,0.8604651,Orientation,Orientation,Orientation,,,0.0,0.0,21.0,27.0,0.27795526,36.0,28.0,64.0,1.0,15.0,0.21032146,-0.43060455,0.8553766,0.23915532,1.0,-1.3373805,0.0,0.0,1.0,0.0,0.0,0.0
TK,TK266,2015-10-17,0.0,44.0,0.5116279,Orientation,Orientation,Orientation,,,0.0,0.0,14.0,13.0,0.27795526,20.0,12.0,32.0,1.0,15.0,0.2593052,-0.3178552,,,1.0,-0.54562366,0.0,0.0,1.0,0.0,0.0,0.0
TK,TK271,2015-10-17,0.0,7.0,0.08139535,Orientation,Orientation,Orientation,,,0.0,0.0,1.0,1.0,0.27795526,5.0,2.0,7.0,1.0,13.0,0.3947673,0.2955114,,,0.0,2.8247538,0.0,0.0,0.0,1.0,0.0,0.0
TK,TK273,2015-10-17,0.0,71.0,0.8255814,Orientation,Orientation,Orientation,,,0.0,0.0,21.0,24.0,0.27795526,34.0,29.0,63.0,1.0,14.0,0.55912673,-0.23074698,1.4826705,0.95226014,1.0,-0.060680747,0.0,0.0,0.0,0.0,1.0,0.0
TK,TK274,2015-10-17,0.0,55.0,0.6395349,Orientation,Orientation,Orientation,,,0.0,0.0,17.0,14.0,0.27795526,27.0,19.0,46.0,1.0,17.0,-0.32925543,-0.6900153,0.03564296,-0.7924178,1.0,-3.6165352,0.0,0.0,1.0,0.0,0.0,0.0
TK,TK275,2015-10-17,0.0,75.0,0.872093,Orientation,Orientation,Orientation,,,0.0,0.0,19.0,27.0,0.27795526,32.0,32.0,64.0,1.0,18.0,-0.28994885,0.6973912,-0.42112234,0.056260493,1.0,-1.3050153,0.0,0.0,0.0,1.0,0.0,0.0
TK,TK281,2015-10-17,0.0,75.0,0.872093,Orientation,Orientation,Orientation,,,0.0,0.0,19.0,26.0,0.27795526,36.0,27.0,63.0,1.0,14.0,0.3280059,-0.84365505,1.5273081,0.7192703,1.0,-0.5322324,0.0,0.0,0.0,0.0,1.0,0.0
TK,TK284,2015-10-17,0.0,62.0,0.7209302,Orientation,Orientation,Orientation,,,0.0,0.0,14.0,24.0,0.27795526,26.0,21.0,47.0,1.0,14.0,-1.033412,-0.23181614,0.42716616,0.41584572,1.0,-0.17367122,0.0,0.0,0.0,0.0,0.0,1.0
TK,TK286,2015-10-17,0.0,0.0,0.0,Orientation,Orientation,Orientation,,,0.0,0.0,0.0,0.0,0.27795526,0.0,0.0,,1.0,15.0,-0.5797077,-0.5494578,,,1.0,1.6231838,0.0,0.0,0.0,0.0,1.0,0.0
TK,TK287,2015-10-17,0.0,79.0,0.9186047,Orientation,Orientation,Orientation,,,0.0,0.0,22.0,27.0,0.27795526,38.0,28.0,66.0,1.0,15.0,0.27316323,-0.049922474,0.6266857,0.62969035,1.0,-1.3373805,0.0,0.0,0.0,1.0,0.0,0.0
TK,TK289,2015-10-17,0.0,74.0,0.8604651,Orientation,Orientation,Orientation,,,0.0,0.0,21.0,26.0,0.27795526,37.0,28.0,65.0,1.0,16.0,0.22023265,0.96780527,0.8820475,1.3528329,1.0,0.12410065,0.0,0.0,0.0,0.0,0.0,1.0
TK,TK290,2015-10-17,0.0,74.0,0.8604651,Orientation,Orientation,Orientation,,,0.0,0.0,20.0,27.0,0.27795526,38.0,27.0,65.0,1.0,18.0,-0.09965858,-0.25117296,,-0.77468956,1.0,0.12410065,0.0,0.0,0.0,0.0,1.0,0.0
TK,TK292,2015-10-17,0.0,79.0,0.9186047,Orientation,Orientation,Orientation,,,0.0,0.0,21.0,28.0,0.27795526,36.0,28.0,64.0,1.0,14.0,0.78219223,0.33450478,0.6341798,0.41458023,1.0,-2.8472116,0.0,0.0,0.0,1.0,0.0,0.0
TK,TK295,2015-10-17,0.0,47.0,0.54651165,Orientation,Orientation,Orientation,,,0.0,0.0,14.0,15.0,0.27795526,18.0,12.0,30.0,1.0,17.0,-0.29457682,-0.24002625,-0.1407448,-0.052207444,1.0,-0.57153755,0.0,0.0,0.0,0.0,1.0,0.0
TK,TK296,2015-10-17,0.0,71.0,0.8255814,Orientation,Orientation,Orientation,,,0.0,0.0,19.0,25.0,0.27795526,32.0,27.0,59.0,1.0,19.0,0.48262817,1.0819396,1.2930945,-0.37120193,1.0,-0.29574877,0.0,0.0,0.0,1.0,0.0,0.0
TK,TK297,2015-10-17,0.0,81.0,0.94186044,Orientation,Orientation,Orientation,,,0.0,0.0,22.0,28.0,0.27795526,39.0,28.0,67.0,1.0,19.0,0.67179,0.78543794,2.3355079,1.7731261,1.0,-1.4684789,0.0,0.0,1.0,0.0,0.0,0.0
TK,TK299,2015-10-17,0.0,78.0,0.90697676,Orientation,Orientation,Orientation,,,0.0,0.0,21.0,25.0,0.27795526,39.0,26.0,65.0,1.0,17.0,-1.954605,0.3342203,-0.40598217,0.12509985,1.0,-1.7203732,0.0,0.0,0.0,1.0,0.0,0.0
TK,TK300,2015-10-17,0.0,47.0,0.54651165,Orientation,Orientation,Orientation,,,0.0,0.0,15.0,14.0,0.27795526,22.0,14.0,36.0,1.0,14.0,-0.6304042,-0.19272733,0.23327768,1.2384005,1.0,1.3882389,0.0,0.0,0.0,0.0,1.0,0.0
TK,TK301,2015-10-17,0.0,41.0,0.47674417,Orientation,Orientation,Orientation,,,0.0,0.0,13.0,12.0,0.27795526,19.0,10.0,29.0,1.0,14.0,0.0048036054,-0.18785526,-0.12586027,-0.21158567,1.0,0.12410065,0.0,0.0,0.0,0.0,1.0,0.0
TK,TK304,2015-10-17,0.0,0.0,0.0,Orientation,Orientation,Orientation,,,0.0,0.0,0.0,0.0,0.27795526,0.0,0.0,,1.0,17.0,-0.7170098,0.6532749,,,1.0,1.6909915,0.0,0.0,0.0,0.0,0.0,1.0
TK,TK305,2015-10-17,0.0,79.0,0.9186047,Orientation,Orientation,Orientation,,,0.0,0.0,23.0,26.0,0.27795526,46.0,31.0,77.0,1.0,12.0,1.2462081,1.0226556,2.1029525,0.9011086,0.0,-0.16027994,0.0,0.0,0.0,0.0,1.0,0.0
TK,TK307,2015-10-17,0.0,79.0,0.9186047,Orientation,Orientation,Orientation,,,0.0,0.0,21.0,27.0,0.27795526,34.0,30.0,64.0,1.0,12.0,-0.09614044,-1.1432327,0.43940306,-0.28832942,0.0,-0.64344543,0.0,0.0,1.0,0.0,0.0,0.0
TK,TK309,2015-10-17,0.0,71.0,0.8255814,Orientation,Orientation,Orientation,,,0.0,0.0,20.0,25.0,0.27795526,38.0,25.0,63.0,1.0,12.0,0.4359084,0.4820535,1.9098657,0.6758552,0.0,-0.92960346,0.0,0.0,1.0,0.0,0.0,0.0
TK,TK310,2015-10-17,0.0,19.0,0.22093023,Orientation,Orientation,Orientation,,,0.0,0.0,4.0,6.0,0.27795526,10.0,6.0,16.0,1.0,13.0,-0.2685992,-0.18785526,0.45353532,-0.38960508,0.0,0.12410065,0.0,0.0,0.0,0.0,0.0,1.0
TK,TK314,2015-10-17,0.0,64.0,0.74418604,Orientation,Orientation,Orientation,,,0.0,0.0,20.0,24.0,0.27795526,38.0,18.0,56.0,1.0,12.0,0.85308564,0.27075028,1.5343134,0.56039613,0.0,-2.106704,0.0,0.0,0.0,0.0,0.0,1.0
TK,TK315,2015-10-17,0.0,2.0,0.023255814,Orientation,Orientation,Orientation,,,0.0,0.0,1.0,1.0,0.27795526,0.0,0.0,,1.0,12.0,1.7205081,0.004291453,,,0.0,-0.8792201,0.0,0.0,0.0,0.0,0.0,1.0
TK,TK316,2015-10-17,0.0,62.0,0.7209302,Orientation,Orientation,Orientation,,,0.0,0.0,18.0,21.0,0.27795526,35.0,22.0,57.0,1.0,12.0,1.4360268,0.004291453,1.6707742,1.4495931,0.0,-1.816513,0.0,0.0,0.0,0.0,0.0,1.0
TK,TK317,2015-10-17,0.0,4.0,0.046511628,Orientation,Orientation,Orientation,,,0.0,0.0,0.0,0.0,0.27795526,0.0,1.0,1.0,1.0,12.0,0.50479406,-0.20654209,,,0.0,-0.59600693,0.0,0.0,0.0,0.0,1.0,0.0
TK,TK318,2015-10-17,0.0,28.0,0.3255814,Orientation,Orientation,Orientation,,,0.0,0.0,8.0,10.0,0.27795526,16.0,10.0,26.0,1.0,12.0,0.01644107,0.1480708,-0.060556646,-0.8699991,0.0,-1.4011551,0.0,0.0,0.0,0.0,0.0,1.0
TK,TK319,2015-10-17,0.0,70.0,0.81395346,Orientation,Orientation,Orientation,,,0.0,0.0,19.0,24.0,0.27795526,36.0,24.0,60.0,1.0,12.0,-0.23719926,-0.25252986,-0.2997751,0.16487549,0.0,-0.7398703,0.0,0.0,0.0,1.0,0.0,0.0
TK,TK329,2015-10-17,0.0,76.0,0.88372093,Orientation,Orientation,Orientation,,,0.0,0.0,21.0,25.0,0.27795526,41.0,25.0,66.0,1.0,13.0,1.0902122,0.3515951,1.5947173,0.07807862,0.0,-1.3184066,0.0,0.0,0.0,0.0,1.0,0.0
TK,TK330,2015-10-17,0.0,1.0,0.011627907,Orientation,Orientation,Orientation,,,0.0,0.0,0.0,1.0,0.27795526,0.0,0.0,,1.0,13.0,1.3875953,0.576677,,,0.0,-1.4011551,0.0,0.0,0.0,0.0,0.0,1.0
TK,TK331,2015-10-17,0.0,47.0,0.54651165,Orientation,Orientation,Orientation,,,0.0,0.0,11.0,15.0,0.27795526,25.0,20.0,45.0,1.0,13.0,1.2056719,0.7661861,1.4502561,0.8598968,0.0,-2.106704,0.0,0.0,0.0,0.0,1.0,0.0
TK,TK332,2015-10-17,0.0,2.0,0.023255814,Orientation,Orientation,Orientation,,,0.0,0.0,0.0,1.0,0.27795526,1.0,0.0,1.0,1.0,19.0,1.5703276,0.093384095,,,0.0,0.5336551,0.0,0.0,0.0,0.0,0.0,1.0
TK,TK333,2015-10-17,0.0,54.0,0.627907,Orientation,Orientation,Orientation,,,0.0,0.0,14.0,19.0,0.27795526,28.0,20.0,48.0,1.0,12.0,0.20503096,-0.49944025,0.9672754,-0.5125137,0.0,-0.6318316,0.0,0.0,1.0,0.0,0.0,0.0
TK,TK341,2015-10-17,0.0,82.0,0.95348835,Orientation,Orientation,Orientation,,,0.0,0.0,23.0,27.0,0.27795526,39.0,29.0,68.0,1.0,14.0,-1.1814892,1.4532477,0.08624969,1.7572974,1.0,1.2895874,0.0,0.0,0.0,1.0,0.0,0.0
TK,TK342,2015-10-17,0.0,75.0,0.872093,Orientation,Orientation,Orientation,,,0.0,0.0,19.0,26.0,0.27795526,42.0,23.0,65.0,1.0,12.0,0.28335834,-0.73150694,0.87642205,-0.48897,0.0,-2.174028,0.0,0.0,0.0,1.0,0.0,0.0
TK,TK343,2015-10-17,0.0,53.0,0.61627907,Orientation,Orientation,Orientation,,,0.0,0.0,17.0,18.0,0.27795526,25.0,18.0,43.0,1.0,17.0,-0.1761871,-0.3292231,0.38932773,0.6394497,1.0,-1.3373805,0.0,0.0,0.0,0.0,1.0,0.0
TK,TK346,2015-10-17,0.0,35.0,0.40697673,Orientation,Orientation,Orientation,,,0.0,0.0,12.0,11.0,0.27795526,17.0,11.0,28.0,1.0,17.0,0.07798147,0.23021334,,,1.0,0.9176349,0.0,0.0,1.0,0.0,0.0,0.0
TK,TK348,2015-10-17,0.0,78.0,0.90697676,Orientation,Orientation,Orientation,,,0.0,0.0,20.0,26.0,0.27795526,38.0,28.0,66.0,1.0,14.0,0.08381154,-0.3137998,1.2417912,1.1912907,1.0,0.92924875,0.0,0.0,0.0,1.0,0.0,0.0
TK,TK349,2015-10-17,0.0,1.0,0.011627907,Orientation,Orientation,Orientation,,,0.0,0.0,0.0,0.0,0.27795526,0.0,0.0,,1.0,17.0,-1.6439867,0.2915097,-0.45172226,0.027198762,1.0,-0.64522284,0.0,0.0,0.0,0.0,1.0,0.0
TK,TK353,2015-10-17,0.0,8.0,0.093023255,Orientation,Orientation,Orientation,,,0.0,0.0,2.0,2.0,0.27795526,5.0,2.0,7.0,1.0,18.0,0.44308212,0.36697832,0.09620779,0.39443073,1.0,-0.109896645,0.0,0.0,0.0,1.0,0.0,0.0
TK,TK355,2015-10-17,0.0,1.0,0.011627907,Orientation,Orientation,Orientation,,,0.0,0.0,0.0,0.0,0.27795526,0.0,0.0,,1.0,14.0,-0.47845948,-0.6195991,-0.5733898,0.42406228,1.0,-0.109896645,0.0,0.0,0.0,1.0,0.0,0.0
TK,TK357,2015-10-17,0.0,0.0,0.0,Orientation,Orientation,Orientation,,,0.0,0.0,0.0,0.0,0.27795526,0.0,0.0,,1.0,14.0,-0.5023807,-0.5013822,-0.6693791,0.47422644,1.0,-0.07407202,0.0,0.0,0.0,1.0,0.0,0.0
TK,TK361,2015-10-17,0.0,11.0,0.12790698,Orientation,Orientation,Orientation,,,0.0,0.0,3.0,3.0,0.27795526,4.0,1.0,5.0,1.0,14.0,-0.008401606,-0.17569551,0.18985923,0.23700236,1.0,-0.16027994,0.0,0.0,1.0,0.0,0.0,0.0
TK,TK362,2015-10-17,0.0,59.0,0.68604654,Orientation,Orientation,Orientation,,,0.0,0.0,15.0,20.0,0.27795526,32.0,23.0,55.0,1.0,14.0,0.648439,0.33178946,0.7921244,0.9575971,1.0,2.8247538,0.0,0.0,0.0,0.0,1.0,0.0
TK,TK363,2015-10-17,0.0,59.0,0.68604654,Orientation,Orientation,Orientation,,,0.0,0.0,19.0,19.0,0.27795526,30.0,24.0,54.0,1.0,17.0,-0.40932715,-0.57960385,,,1.0,-0.109896645,0.0,0.0,0.0,1.0,0.0,0.0
TK,TK364,2015-10-17,0.0,43.0,0.5,Orientation,Orientation,Orientation,,,0.0,0.0,14.0,11.0,0.27795526,21.0,11.0,32.0,1.0,17.0,-0.29902604,-0.26290953,-0.2709047,-0.014234291,1.0,-0.109896645,0.0,0.0,0.0,0.0,1.0,0.0
TK,TK366,2015-10-17,0.0,16.0,0.18604651,Orientation,Orientation,Orientation,,,0.0,0.0,4.0,4.0,0.27795526,7.0,4.0,11.0,1.0,16.0,0.17403953,-1.32413,,,1.0,-3.2567968,0.0,0.0,1.0,0.0,0.0,0.0
TK,TK369,2015-10-17,0.0,73.0,0.8488372,Orientation,Orientation,Orientation,,,0.0,0.0,20.0,25.0,0.27795526,35.0,25.0,60.0,1.0,15.0,-0.113357216,-1.0195113,0.47776803,0.835667,1.0,0.92924875,0.0,0.0,0.0,1.0,0.0,0.0
TK,TK371,2015-10-17,0.0,0.0,0.0,Orientation,Orientation,Orientation,,,0.0,0.0,0.0,0.0,0.27795526,0.0,0.0,,1.0,14.0,-0.054931242,0.31597266,,,1.0,4.388462,0.0,0.0,0.0,0.0,1.0,0.0
TK,TK373,2015-10-17,0.0,76.0,0.88372093,Orientation,Orientation,Orientation,,,0.0,0.0,22.0,24.0,0.27795526,39.0,30.0,69.0,1.0,14.0,-1.0752425,-0.894676,-0.5776126,-0.025894715,1.0,-1.0471894,0.0,0.0,1.0,0.0,0.0,0.0
TK,TK377,2015-10-17,0.0,27.0,0.3139535,Orientation,Orientation,Orientation,,,0.0,0.0,9.0,5.0,0.27795526,14.0,7.0,21.0,1.0,15.0,-0.4071689,-1.4724321,-0.12797806,-0.83303577,1.0,-2.0239556,0.0,0.0,0.0,1.0,0.0,0.0
TK,TK382,2015-10-17,0.0,71.0,0.8255814,Orientation,Orientation,Orientation,,,0.0,0.0,18.0,24.0,0.27795526,36.0,25.0,61.0,1.0,13.0,0.54743266,1.1769365,1.1349387,1.0247715,0.0,-4.1207676,0.0,0.0,0.0,0.0,1.0,0.0
TK,TK384,2015-10-17,0.0,40.0,0.4651163,Orientation,Orientation,Orientation,,,0.0,0.0,9.0,13.0,0.27795526,21.0,15.0,36.0,1.0,14.0,1.4855746,0.30412146,0.64622414,0.76823384,1.0,0.8858434,0.0,0.0,0.0,0.0,1.0,0.0
TK,TK385,2015-10-17,0.0,36.0,0.41860464,Orientation,Orientation,Orientation,,,0.0,0.0,9.0,9.0,0.27795526,15.0,12.0,27.0,1.0,17.0,-0.11514418,-0.28442073,,,1.0,-1.3373805,0.0,0.0,0.0,0.0,0.0,1.0
TK,TK386,2015-10-17,0.0,75.0,0.872093,Orientation,Orientation,Orientation,,,0.0,0.0,23.0,25.0,0.27795526,36.0,29.0,65.0,1.0,17.0,0.35091382,0.72595364,1.080682,1.7108688,1.0,0.12410065,0.0,0.0,0.0,1.0,0.0,0.0
TK,TK387,2015-10-17,0.0,68.0,0.7906977,Orientation,Orientation,Orientation,,,0.0,0.0,18.0,23.0,0.27795526,33.0,25.0,58.0,1.0,16.0,0.11037483,0.3040782,1.1468698,1.367764,1.0,-1.3373805,0.0,0.0,1.0,0.0,0.0,0.0
TK,TK389,2015-10-17,0.0,72.0,0.8372093,Orientation,Orientation,Orientation,,,0.0,0.0,20.0,25.0,0.27795526,34.0,21.0,55.0,1.0,15.0,-0.2618688,-0.09948153,0.46990266,0.66835517,1.0,0.92924875,0.0,0.0,0.0,1.0,0.0,0.0
TK,TK390,2015-10-17,0.0,59.0,0.68604654,Orientation,Orientation,Orientation,,,0.0,0.0,16.0,21.0,0.27795526,28.0,18.0,46.0,1.0,14.0,0.32694972,0.42244813,-0.31526074,0.31339514,1.0,0.12410065,0.0,0.0,0.0,0.0,1.0,0.0
TK,TK391,2015-10-17,0.0,79.0,0.9186047,Orientation,Orientation,Orientation,,,0.0,0.0,23.0,26.0,0.27795526,40.0,27.0,67.0,1.0,14.0,0.39254716,0.97447264,1.6561567,1.1706772,1.0,0.92924875,0.0,0.0,0.0,0.0,1.0,0.0
TK,TK393,2015-10-17,0.0,75.0,0.872093,Orientation,Orientation,Orientation,,,0.0,0.0,21.0,25.0,0.27795526,38.0,25.0,63.0,1.0,15.0,0.25458333,1.022888,0.94034076,0.6368626,1.0,-0.6318316,0.0,0.0,0.0,1.0,0.0,0.0
TK,TK396,2015-10-17,0.0,0.0,0.0,Orientation,Orientation,Orientation,,,0.0,0.0,0.0,0.0,0.27795526,0.0,0.0,,1.0,15.0,0.18672132,-0.3888541,-0.73508155,-0.46792287,1.0,-3.6438587,0.0,0.0,0.0,0.0,1.0,0.0
TK,TK399,2015-10-17,0.0,1.0,0.011627907,Orientation,Orientation,Orientation,,,0.0,0.0,0.0,0.0,0.27795526,0.0,0.0,,1.0,14.0,-0.31338236,-0.22607124,-0.2470093,0.5390316,1.0,0.92924875,0.0,0.0,0.0,1.0,0.0,0.0
TK,TK401,2015-10-17,0.0,67.0,0.7790698,Orientation,Orientation,Orientation,,,0.0,0.0,18.0,22.0,0.27795526,29.0,22.0,51.0,1.0,15.0,0.4741027,0.94712603,1.4875242,1.1539828,1.0,-1.4011551,0.0,0.0,0.0,0.0,1.0,0.0
TK,TK402,2015-10-17,0.0,57.0,0.6627907,Orientation,Orientation,Orientation,,,0.0,0.0,16.0,19.0,0.27795526,23.0,21.0,44.0,1.0,15.0,-3.712901,-2.0905015,-2.6765225,-1.2362181,1.0,-1.6351523,0.0,0.0,0.0,0.0,1.0,0.0
TK,TK406,2015-10-17,0.0,61.0,0.7093023,Orientation,Orientation,Orientation,,,0.0,0.0,18.0,20.0,0.27795526,28.0,19.0,47.0,1.0,17.0,,-1.0654831,-0.8643589,-1.7006317,1.0,-2.106704,0.0,0.0,1.0,0.0,0.0,0.0
TK,TK408,2015-10-17,0.0,3.0,0.034883723,Orientation,Orientation,Orientation,,,0.0,0.0,0.0,1.0,0.27795526,0.0,0.0,,1.0,12.0,-0.2639769,-0.5983404,0.059273854,0.21897978,0.0,-0.70404565,0.0,0.0,1.0,0.0,0.0,0.0
TK,TK409,2015-10-17,0.0,61.0,0.7093023,Orientation,Orientation,Orientation,,,0.0,0.0,18.0,18.0,0.27795526,31.0,17.0,48.0,1.0,15.0,0.5391159,-0.3362086,1.8299259,1.3123431,1.0,-0.16027994,0.0,0.0,0.0,0.0,1.0,0.0
TK,TK410,2015-10-17,0.0,72.0,0.8372093,Orientation,Orientation,Orientation,,,0.0,0.0,20.0,24.0,0.27795526,35.0,26.0,61.0,1.0,15.0,-3.712901,-2.6331139,-0.18466318,-1.1004426,1.0,-2.0105643,0.0,0.0,1.0,0.0,0.0,0.0
TK,TK413,2015-10-17,0.0,79.0,0.9186047,Orientation,Orientation,Orientation,,,0.0,0.0,21.0,27.0,0.27795526,39.0,26.0,65.0,1.0,19.0,-0.9626132,-2.262487,0.24375674,-0.18813257,1.0,-2.106704,0.0,0.0,0.0,0.0,1.0,0.0
TK,TK415,2015-10-17,0.0,2.0,0.023255814,Orientation,Orientation,Orientation,,,0.0,0.0,0.0,0.0,0.27795526,0.0,0.0,,1.0,15.0,-2.5156722,-0.47258338,-3.5964293,-2.769931,1.0,-4.957415,0.0,0.0,1.0,0.0,0.0,0.0
TK,TK420,2015-10-17,0.0,72.0,0.8372093,Orientation,Orientation,Orientation,,,0.0,0.0,18.0,25.0,0.27795526,34.0,26.0,60.0,1.0,18.0,0.0043247156,0.682008,0.73353505,2.105267,1.0,-2.174028,0.0,0.0,0.0,1.0,0.0,0.0
TK,TK421,2015-10-17,0.0,2.0,0.023255814,Orientation,Orientation,Orientation,,,0.0,0.0,0.0,0.0,0.27795526,0.0,1.0,1.0,1.0,16.0,0.24904221,-2.2897284,,,1.0,1.4215517,0.0,0.0,0.0,1.0,0.0,0.0
TK,TK422,2015-10-17,0.0,79.0,0.9186047,Orientation,Orientation,Orientation,,,0.0,0.0,21.0,28.0,0.27795526,39.0,25.0,64.0,1.0,16.0,0.005709623,-0.77049786,1.5002893,0.70606625,1.0,1.2895874,0.0,0.0,1.0,0.0,0.0,0.0
TK,TK427,2015-10-17,0.0,81.0,0.94186044,Orientation,Orientation,Orientation,,,0.0,0.0,22.0,28.0,0.27795526,38.0,29.0,67.0,1.0,15.0,0.01625259,0.40828076,0.5080314,0.69877857,1.0,0.17331654,0.0,0.0,0.0,1.0,0.0,0.0
TK,TK430,2015-10-17,0.0,68.0,0.7906977,Orientation,Orientation,Orientation,,,0.0,0.0,18.0,23.0,0.27795526,32.0,24.0,56.0,1.0,15.0,-0.043267883,-0.5266002,0.24277629,-1.0510007,1.0,0.8180357,0.0,0.0,1.0,0.0,0.0,0.0
TK,TK431,2015-10-17,0.0,53.0,0.61627907,Orientation,Orientation,Orientation,,,0.0,0.0,16.0,16.0,0.27795526,25.0,20.0,45.0,1.0,14.0,-0.8388124,-0.61701035,0.5628236,0.37231526,1.0,1.6909915,,,,,,
TK,TK432,2015-10-17,0.0,59.0,0.68604654,Orientation,Orientation,Orientation,,,0.0,0.0,16.0,19.0,0.27795526,30.0,18.0,48.0,1.0,15.0,-0.09789669,-1.4912745,0.8572703,0.29718003,1.0,0.5956523,0.0,0.0,0.0,1.0,0.0,0.0
TK,TK433,2015-10-17,0.0,79.0,0.9186047,Orientation,Orientation,Orientation,,,0.0,0.0,20.0,28.0,0.27795526,36.0,26.0,62.0,1.0,14.0,0.78714055,0.41354555,1.7723856,0.7111098,1.0,-1.3373805,0.0,0.0,0.0,0.0,0.0,1.0
TK,TK434,2015-10-17,0.0,17.0,0.19767442,Orientation,Orientation,Orientation,,,0.0,0.0,5.0,5.0,0.27795526,8.0,3.0,11.0,1.0,17.0,0.41550684,0.8617329,,,1.0,0.71851456,0.0,0.0,0.0,0.0,0.0,1.0
TK,TK435,2015-10-17,0.0,76.0,0.88372093,Orientation,Orientation,Orientation,,,0.0,0.0,20.0,25.0,0.27795526,36.0,26.0,62.0,1.0,16.0,0.5301908,-0.5091844,0.47621405,-0.2643778,1.0,-2.7852452,0.0,0.0,0.0,1.0,0.0,0.0
TK,TK437,2015-10-17,0.0,66.0,0.76744187,Orientation,Orientation,Orientation,,,0.0,0.0,17.0,22.0,0.27795526,33.0,25.0,58.0,1.0,17.0,0.92821467,1.0500655,1.4409451,1.8473092,1.0,0.19778596,0.0,0.0,0.0,0.0,0.0,1.0
TK,TK438,2015-10-17,0.0,69.0,0.8023256,Orientation,Orientation,Orientation,,,0.0,0.0,18.0,23.0,0.27795526,37.0,20.0,57.0,1.0,16.0,0.36564136,0.3975981,1.2976408,0.13600546,1.0,-2.0159218,0.0,0.0,0.0,0.0,0.0,1.0
TK,TK439,2015-10-17,0.0,50.0,0.5813953,Orientation,Orientation,Orientation,,,0.0,0.0,11.0,21.0,0.27795526,23.0,18.0,41.0,1.0,17.0,-0.4431394,-0.31881854,0.004522887,0.46824434,1.0,-0.54562366,0.0,0.0,0.0,0.0,1.0,0.0
CP,CH007,2015-10-17,1.0,75.0,0.872093,Orientation,Orientation,Orientation,,,0.0,0.0,26.0,29.0,0.27795526,30.0,25.0,55.0,1.0,3.0,-0.09278093,-0.18283652,0.56181973,0.16871296,1.0,0.92924875,0.0,0.0,1.0,0.0,0.0,0.0
CP,CH012,2015-10-17,0.0,0.0,0.0,Orientation,Orientation,Orientation,,,0.0,0.0,0.0,0.0,0.27795526,0.0,0.0,,1.0,5.0,-0.21194401,0.063590646,0.10089562,-0.6761982,1.0,-0.7125467,0.0,0.0,0.0,1.0,0.0,0.0
CP,CH013,2015-10-17,1.0,1.0,0.011627907,Orientation,Orientation,Orientation,,,0.0,0.0,0.0,0.0,0.27795526,0.0,0.0,,1.0,3.0,-0.2331626,-0.45249963,,,1.0,2.7408636,0.0,0.0,0.0,1.0,0.0,0.0
CP,CH014,2015-10-17,0.0,0.0,0.0,Orientation,Orientation,Orientation,,,0.0,0.0,0.0,0.0,0.27795526,0.0,0.0,,1.0,3.0,-0.15478082,-1.5461825,0.19632107,-1.5314437,1.0,0.6448682,0.0,0.0,0.0,1.0,0.0,0.0
CP,CH020,2015-10-17,0.0,0.0,0.0,Orientation,Orientation,Orientation,,,0.0,0.0,0.0,0.0,0.27795526,0.0,0.0,,1.0,3.0,-0.10509464,-0.93377125,0.091099314,-0.06461964,1.0,1.4008003,0.0,0.0,1.0,0.0,0.0,0.0
CP,CH021,2015-10-17,0.0,4.0,0.046511628,Orientation,Orientation,Orientation,,,0.0,0.0,2.0,1.0,0.27795526,1.0,0.0,1.0,1.0,1.0,0.52359307,0.8818568,,,1.0,0.92924875,0.0,0.0,0.0,1.0,0.0,0.0
CP,CH022,2015-10-17,0.0,4.0,0.046511628,Orientation,Orientation,Orientation,,,0.0,0.0,2.0,1.0,0.27795526,1.0,0.0,1.0,1.0,3.0,0.61615807,0.95033425,,,1.0,1.4008003,0.0,0.0,0.0,1.0,0.0,0.0
CP,CH025,2015-10-17,1.0,81.0,0.94186044,Orientation,Orientation,Orientation,,,0.0,0.0,29.0,29.0,0.27795526,28.0,32.0,60.0,1.0,5.0,-0.18960585,-0.19706963,1.0948491,0.14510396,1.0,1.4008003,0.0,0.0,0.0,0.0,1.0,0.0
CP,CH029,2015-10-17,1.0,79.0,0.9186047,Orientation,Orientation,Orientation,,,0.0,0.0,30.0,28.0,0.27795526,32.0,28.0,60.0,1.0,4.0,0.5788286,2.3235366,3.0886345,3.0151,1.0,0.19406788,0.0,0.0,0.0,0.0,1.0,0.0
CP,CH032,2015-10-17,1.0,72.0,0.8372093,Orientation,Orientation,Orientation,,,0.0,0.0,24.0,28.0,0.27795526,25.0,31.0,56.0,1.0,5.0,0.5708055,1.2087865,1.2134539,1.0384203,1.0,0.92924875,0.0,0.0,1.0,0.0,0.0,0.0
CP,CH037,2015-10-17,0.0,62.0,0.7209302,Orientation,Orientation,Orientation,,,0.0,0.0,22.0,23.0,0.27795526,18.0,21.0,39.0,1.0,3.0,-0.26749417,-0.28091034,1.6673281,0.13027383,1.0,1.6231838,0.0,0.0,0.0,0.0,1.0,0.0
CP,CH038,2015-10-17,0.0,0.0,0.0,Orientation,Orientation,Orientation,,,0.0,0.0,0.0,0.0,0.27795526,0.0,0.0,,1.0,3.0,0.78335303,1.6392745,2.0574574,0.6584395,1.0,3.1243238,0.0,0.0,0.0,0.0,1.0,0.0
CP,CH040,2015-10-17,1.0,24.0,0.27906978,Orientation,Orientation,Orientation,,,0.0,0.0,7.0,10.0,0.27795526,4.0,10.0,14.0,1.0,3.0,0.41025317,1.3103795,1.3895125,1.9620783,1.0,0.92924875,0.0,0.0,0.0,0.0,0.0,1.0
CP,CH041,2015-10-17,0.0,0.0,0.0,Orientation,Orientation,Orientation,,,0.0,0.0,0.0,0.0,0.27795526,0.0,0.0,,1.0,4.0,0.4650773,0.6388294,,,1.0,4.7761235,0.0,0.0,0.0,0.0,0.0,1.0
CP,CH042,2015-10-17,0.0,75.0,0.872093,Orientation,Orientation,Orientation,,,0.0,0.0,27.0,28.0,0.27795526,32.0,27.0,59.0,1.0,3.0,-0.19040509,0.33449998,1.5356078,0.8981624,1.0,1.6231838,0.0,0.0,0.0,0.0,0.0,1.0
CP,CH047,2015-10-17,1.0,78.0,0.90697676,Orientation,Orientation,Orientation,,,0.0,0.0,30.0,26.0,0.27795526,31.0,29.0,60.0,1.0,2.0,0.67535824,2.0950325,2.7275949,2.403915,1.0,0.63325435,0.0,0.0,0.0,0.0,1.0,0.0
CP,CH048,2015-10-17,1.0,1.0,0.011627907,Orientation,Orientation,Orientation,,,0.0,0.0,0.0,0.0,0.27795526,0.0,0.0,,1.0,3.0,0.40837705,1.7813492,,,1.0,3.4359798,0.0,0.0,1.0,0.0,0.0,0.0
CP,CH051,2015-10-17,0.0,62.0,0.7209302,Orientation,Orientation,Orientation,,,0.0,0.0,19.0,25.0,0.27795526,23.0,26.0,49.0,1.0,3.0,0.05699908,0.54309666,1.4983073,0.7141209,1.0,-0.58144826,0.0,0.0,0.0,1.0,0.0,0.0
CP,CH052,2015-10-17,0.0,65.0,0.75581396,Orientation,Orientation,Orientation,,,0.0,0.0,22.0,25.0,0.27795526,27.0,29.0,56.0,1.0,3.0,1.2462405,0.40262645,1.6267434,1.3515104,1.0,1.2194399,,,,,,
CP,CH054,2015-10-17,1.0,43.0,0.5,Orientation,Orientation,Orientation,,,0.0,0.0,16.0,14.0,0.27795526,14.0,15.0,29.0,1.0,5.0,0.7514184,0.2477415,1.4991406,0.81432736,1.0,1.6909915,0.0,0.0,1.0,0.0,0.0,0.0
CP,CH055,2015-10-17,1.0,80.0,0.9302326,Orientation,Orientation,Orientation,,,0.0,0.0,28.0,30.0,0.27795526,33.0,29.0,62.0,1.0,3.0,0.8677728,0.63810325,1.4460739,0.87186015,1.0,0.22369985,0.0,0.0,0.0,0.0,1.0,0.0
CP,CH058,2015-10-17,1.0,64.0,0.74418604,Orientation,Orientation,Orientation,,,0.0,0.0,22.0,24.0,0.27795526,21.0,24.0,45.0,1.0,3.0,0.41612002,0.6805149,1.2584232,0.64500785,1.0,1.6231838,0.0,0.0,0.0,0.0,1.0,0.0
CP,CH060,2015-10-17,0.0,46.0,0.53488374,Orientation,Orientation,Orientation,,,0.0,0.0,15.0,21.0,0.27795526,14.0,17.0,31.0,1.0,3.0,-1.4998491,-2.6405032,-0.20066813,0.43787143,1.0,0.63325435,0.0,0.0,0.0,0.0,1.0,0.0
CP,CH063,2015-10-17,0.0,61.0,0.7093023,Orientation,Orientation,Orientation,,,0.0,0.0,20.0,25.0,0.27795526,21.0,26.0,47.0,1.0,3.0,0.24794221,0.44226986,2.041303,1.1067928,1.0,0.5956523,0.0,0.0,1.0,0.0,0.0,0.0
CP,CH064,2015-10-17,1.0,68.0,0.7906977,Orientation,Orientation,Orientation,,,0.0,0.0,23.0,28.0,0.27795526,23.0,33.0,56.0,1.0,4.0,0.24564886,-0.6416873,0.64735985,0.9647541,1.0,2.4835782,0.0,0.0,1.0,0.0,0.0,0.0
CP,CH065,2015-10-17,1.0,82.0,0.95348835,Orientation,Orientation,Orientation,,,0.0,0.0,29.0,30.0,0.27795526,29.0,31.0,60.0,1.0,3.0,0.90474075,1.0916212,2.5546668,1.6160082,1.0,-0.17367122,0.0,0.0,0.0,0.0,0.0,1.0
CP,CH067,2015-10-17,0.0,0.0,0.0,Orientation,Orientation,Orientation,,,0.0,0.0,0.0,0.0,0.27795526,0.0,0.0,,1.0,5.0,1.2307492,1.4391901,,,1.0,1.3891865,0.0,0.0,0.0,0.0,0.0,1.0
CP,CH068,2015-10-17,1.0,72.0,0.8372093,Orientation,Orientation,Orientation,,,0.0,0.0,27.0,26.0,0.27795526,29.0,32.0,61.0,1.0,3.0,-0.05008,-0.14230111,-0.011217541,-1.2547798,1.0,-1.4715917,0.0,0.0,1.0,0.0,0.0,0.0
CP,CH069,2015-10-17,1.0,74.0,0.8604651,Orientation,Orientation,Orientation,,,0.0,0.0,28.0,28.0,0.27795526,30.0,30.0,60.0,1.0,3.0,-0.5827089,-0.6993524,0.50377476,-0.8304471,1.0,2.0947354,0.0,0.0,1.0,0.0,0.0,0.0
CP,CH070,2015-10-17,1.0,19.0,0.22093023,Orientation,Orientation,Orientation,,,0.0,0.0,7.0,6.0,0.27795526,8.0,7.0,15.0,1.0,3.0,-0.7640417,-0.11623603,0.2611234,0.07405931,1.0,0.22369985,0.0,0.0,0.0,0.0,0.0,1.0
CP,CH076,2015-10-17,1.0,47.0,0.54651165,Orientation,Orientation,Orientation,,,0.0,0.0,16.0,18.0,0.27795526,16.0,19.0,35.0,1.0,5.0,-1.2576997,,,,1.0,2.1308188,0.0,0.0,1.0,0.0,0.0,0.0
CP,CH077,2015-10-17,0.0,0.0,0.0,Orientation,Orientation,Orientation,,,0.0,0.0,0.0,0.0,0.27795526,0.0,0.0,,1.0,3.0,1.0692735,1.6596316,1.0104859,1.1460001,1.0,3.072158,0.0,0.0,0.0,0.0,1.0,0.0
CP,CH078,2015-10-17,1.0,68.0,0.7906977,Orientation,Orientation,Orientation,,,0.0,0.0,26.0,22.0,0.27795526,29.0,22.0,51.0,1.0,3.0,-0.7833674,-0.3834274,1.0698996,0.37488633,1.0,1.6231838,0.0,0.0,0.0,1.0,0.0,0.0
CP,CH079,2015-10-17,1.0,63.0,0.73255813,Orientation,Orientation,Orientation,,,0.0,0.0,23.0,21.0,0.27795526,30.0,22.0,52.0,1.0,3.0,1.1492804,1.5265092,1.4317313,1.8263272,1.0,0.92924875,0.0,0.0,0.0,0.0,1.0,0.0
CP,CH082,2015-10-17,1.0,83.0,0.96511626,Orientation,Orientation,Orientation,,,0.0,0.0,29.0,31.0,0.27795526,38.0,36.0,74.0,1.0,3.0,-0.3128881,1.1688097,1.4599634,1.5760072,1.0,-0.6318316,0.0,0.0,0.0,0.0,1.0,0.0
CP,CH087,2015-10-17,1.0,61.0,0.7093023,Orientation,Orientation,Orientation,,,0.0,0.0,25.0,24.0,0.27795526,23.0,22.0,45.0,1.0,3.0,-2.038622,0.22402744,-0.18009184,0.62458104,1.0,2.8658571,0.0,0.0,0.0,0.0,0.0,1.0
CP,CH088,2015-10-17,1.0,46.0,0.53488374,Orientation,Orientation,Orientation,,,0.0,0.0,19.0,16.0,0.27795526,18.0,17.0,35.0,1.0,3.0,0.26442704,-0.44280514,0.7936315,0.669914,1.0,0.22369985,0.0,0.0,0.0,0.0,0.0,1.0
CP,CH093,2015-10-17,1.0,27.0,0.3139535,Orientation,Orientation,Orientation,,,0.0,0.0,14.0,7.0,0.27795526,16.0,6.0,22.0,1.0,3.0,1.1090833,0.23322219,0.80577296,0.8808782,1.0,2.9645088,0.0,0.0,0.0,0.0,1.0,0.0
CP,CH095,2015-10-17,0.0,0.0,0.0,Orientation,Orientation,Orientation,,,0.0,0.0,0.0,0.0,0.27795526,0.0,0.0,,1.0,5.0,-0.59798175,0.064220585,-0.5457483,0.33041734,1.0,1.6231838,0.0,0.0,0.0,0.0,1.0,0.0
CP,CH098,2015-10-17,0.0,77.0,0.89534885,Orientation,Orientation,Orientation,,,0.0,0.0,29.0,27.0,0.27795526,28.0,31.0,59.0,1.0,3.0,1.102073,1.1760789,1.1821883,2.1697044,1.0,0.1617027,0.0,0.0,1.0,0.0,0.0,0.0
CP,CH100,2015-10-17,0.0,0.0,0.0,Orientation,Orientation,Orientation,,,0.0,0.0,0.0,0.0,0.27795526,0.0,0.0,,1.0,1.0,1.0142426,0.24953759,-0.10582835,0.10404912,1.0,2.3849266,0.0,0.0,0.0,0.0,0.0,1.0
CP,CH101,2015-10-17,1.0,68.0,0.7906977,Orientation,Orientation,Orientation,,,0.0,0.0,24.0,25.0,0.27795526,22.0,28.0,50.0,1.0,1.0,-1.497026,-1.1594702,-0.13081826,-0.8456187,1.0,0.6448682,0.0,0.0,0.0,1.0,0.0,0.0
CP,CH105,2015-10-17,0.0,0.0,0.0,Orientation,Orientation,Orientation,,,0.0,0.0,0.0,0.0,0.27795526,0.0,0.0,,1.0,5.0,0.89313483,1.325447,,,1.0,1.4008003,0.0,0.0,0.0,0.0,1.0,0.0
CP,CH106,2015-10-17,1.0,41.0,0.47674417,Orientation,Orientation,Orientation,,,0.0,0.0,18.0,14.0,0.27795526,16.0,12.0,28.0,1.0,3.0,-1.2583308,-2.6552663,,,1.0,-1.7203732,0.0,0.0,0.0,1.0,0.0,0.0
CP,CH107,2015-10-17,1.0,58.0,0.6744186,Orientation,Orientation,Orientation,,,0.0,0.0,20.0,23.0,0.27795526,20.0,25.0,45.0,1.0,4.0,0.14108233,-0.1993041,-0.047585215,-1.1459897,1.0,0.9176349,0.0,0.0,1.0,0.0,0.0,0.0
CP,CH111,2015-10-17,1.0,70.0,0.81395346,Orientation,Orientation,Orientation,,,0.0,0.0,25.0,27.0,0.27795526,32.0,28.0,60.0,1.0,3.0,-0.05616812,0.8286815,-0.0092825275,0.21349859,1.0,1.4008003,0.0,0.0,1.0,0.0,0.0,0.0
CP,CH112,2015-10-17,1.0,19.0,0.22093023,Orientation,Orientation,Orientation,,,0.0,0.0,8.0,7.0,0.27795526,7.0,7.0,14.0,1.0,3.0,-1.132087,0.0022894063,0.43594563,0.63288814,1.0,0.12410065,0.0,0.0,1.0,0.0,0.0,0.0
CP,CH116,2015-10-17,1.0,77.0,0.89534885,Orientation,Orientation,Orientation,,,0.0,0.0,29.0,27.0,0.27795526,33.0,31.0,64.0,1.0,4.0,1.5403159,1.7522081,1.7873592,1.4510677,1.0,2.1308188,0.0,0.0,0.0,0.0,0.0,1.0
CP,CH119,2015-10-17,0.0,0.0,0.0,Orientation,Orientation,Orientation,,,0.0,0.0,0.0,0.0,0.27795526,0.0,0.0,,1.0,3.0,0.7407436,-0.46664214,0.37909508,-0.21891423,1.0,1.4008003,0.0,0.0,0.0,0.0,1.0,0.0
CP,CH120,2015-10-17,1.0,74.0,0.8604651,Orientation,Orientation,Orientation,,,0.0,0.0,25.0,29.0,0.27795526,34.0,28.0,62.0,1.0,4.0,0.09428818,0.54309666,1.0427918,1.3030461,1.0,2.5595834,0.0,0.0,1.0,0.0,0.0,0.0
CP,CH121,2015-10-17,1.0,63.0,0.73255813,Orientation,Orientation,Orientation,,,0.0,0.0,24.0,21.0,0.27795526,24.0,26.0,50.0,1.0,5.0,0.7518366,1.1851995,1.2996308,1.9270626,1.0,0.69525146,0.0,0.0,0.0,0.0,1.0,0.0
CP,CH122,2015-10-17,1.0,51.0,0.59302324,Orientation,Orientation,Orientation,,,0.0,0.0,19.0,22.0,0.27795526,23.0,21.0,44.0,1.0,3.0,1.2822223,0.87010497,,,1.0,3.1243238,0.0,0.0,0.0,0.0,1.0,0.0
CP,CH123,2015-10-17,1.0,53.0,0.61627907,Orientation,Orientation,Orientation,,,0.0,0.0,19.0,22.0,0.27795526,26.0,21.0,47.0,1.0,3.0,0.5241593,0.67512906,,,1.0,2.6844966,0.0,0.0,1.0,0.0,0.0,0.0
CP,CH126,2015-10-17,1.0,70.0,0.81395346,Orientation,Orientation,Orientation,,,0.0,0.0,27.0,27.0,0.27795526,30.0,30.0,60.0,1.0,5.0,0.64477366,-0.12153208,0.58238715,0.9463598,1.0,3.5026064,0.0,0.0,0.0,1.0,0.0,0.0
CP,CH127,2015-10-17,1.0,50.0,0.5813953,Orientation,Orientation,Orientation,,,0.0,0.0,17.0,20.0,0.27795526,21.0,20.0,41.0,1.0,5.0,0.69100726,1.2119923,1.8552862,2.0246162,1.0,1.6909915,0.0,0.0,0.0,1.0,0.0,0.0
CP,CH135,2015-10-17,0.0,0.0,0.0,Orientation,Orientation,Orientation,,,0.0,0.0,0.0,0.0,0.27795526,0.0,0.0,,1.0,5.0,-1.6897728,-0.5723563,-0.70957553,0.09042431,1.0,0.86725163,0.0,0.0,0.0,0.0,0.0,1.0
CP,CH136,2015-10-17,1.0,27.0,0.3139535,Orientation,Orientation,Orientation,,,0.0,0.0,10.0,9.0,0.27795526,10.0,7.0,17.0,1.0,2.0,0.6576731,0.726574,1.5667279,1.3993255,1.0,2.0947354,0.0,0.0,0.0,0.0,0.0,1.0
CP,CH137,2015-10-17,1.0,19.0,0.22093023,Orientation,Orientation,Orientation,,,0.0,0.0,9.0,7.0,0.27795526,6.0,4.0,10.0,1.0,1.0,-0.46871576,-1.7913009,-0.6965678,-0.969901,1.0,-1.6351523,0.0,0.0,0.0,0.0,0.0,1.0
CP,CH139,2015-10-17,1.0,23.0,0.26744187,Orientation,Orientation,Orientation,,,0.0,0.0,10.0,8.0,0.27795526,9.0,8.0,17.0,1.0,5.0,1.7560208,0.9633668,2.0668736,1.383144,1.0,1.4008003,0.0,0.0,0.0,0.0,1.0,0.0
CP,CH140,2015-10-17,0.0,0.0,0.0,Orientation,Orientation,Orientation,,,0.0,0.0,0.0,0.0,0.27795526,0.0,0.0,,1.0,5.0,0.53055245,0.8285356,,,1.0,-2.018145,0.0,0.0,0.0,0.0,1.0,0.0
CP,CH144,2015-10-17,1.0,37.0,0.43023255,Orientation,Orientation,Orientation,,,0.0,0.0,13.0,13.0,0.27795526,14.0,11.0,25.0,1.0,4.0,-1.7598355,0.0675266,-0.17651792,1.2163122,1.0,2.8658571,0.0,0.0,0.0,1.0,0.0,0.0
CP,CH145,2015-10-17,1.0,58.0,0.6744186,Orientation,Orientation,Orientation,,,0.0,0.0,20.0,23.0,0.27795526,22.0,22.0,44.0,1.0,4.0,0.29629943,-0.0657545,0.74996793,1.0825006,1.0,2.3849266,0.0,0.0,0.0,1.0,0.0,0.0
CP,CH147,2015-10-17,1.0,63.0,0.73255813,Orientation,Orientation,Orientation,,,0.0,0.0,23.0,23.0,0.27795526,20.0,25.0,45.0,1.0,1.0,0.06507236,0.9178383,1.3616687,1.7424223,1.0,1.7218354,0.0,0.0,0.0,1.0,0.0,0.0
CP,CH148,2015-10-17,1.0,65.0,0.75581396,Orientation,Orientation,Orientation,,,0.0,0.0,25.0,23.0,0.27795526,22.0,23.0,45.0,1.0,1.0,0.42965528,0.06271224,0.42241037,1.0059932,1.0,2.193387,0.0,0.0,1.0,0.0,0.0,0.0
CP,CH149,2015-10-17,1.0,69.0,0.8023256,Orientation,Orientation,Orientation,,,0.0,0.0,26.0,24.0,0.27795526,26.0,27.0,53.0,1.0,2.0,-0.25696743,-0.8104988,0.911726,-0.002139464,1.0,-1.2054161,0.0,0.0,1.0,0.0,0.0,0.0
CP,CH153,2015-10-17,0.0,0.0,0.0,Orientation,Orientation,Orientation,,,0.0,0.0,0.0,0.0,0.27795526,0.0,0.0,,1.0,3.0,-0.8539883,-0.23124547,,,1.0,2.9234054,,,,,,
CP,CH156,2015-10-17,0.0,0.0,0.0,Orientation,Orientation,Orientation,,,0.0,0.0,0.0,0.0,0.27795526,0.0,0.0,,1.0,5.0,1.8533044,0.756785,1.7100646,1.6845249,1.0,2.353202,0.0,0.0,0.0,0.0,1.0,0.0
CP,CH157,2015-10-17,1.0,13.0,0.15116279,Orientation,Orientation,Orientation,,,0.0,0.0,7.0,3.0,0.27795526,4.0,2.0,6.0,1.0,4.0,-0.27506432,0.43145654,,,1.0,4.6786532,0.0,0.0,0.0,0.0,1.0,0.0
CP,CH159,2015-10-17,1.0,8.0,0.093023255,Orientation,Orientation,Orientation,,,0.0,0.0,5.0,1.0,0.27795526,2.0,1.0,3.0,1.0,5.0,1.0788287,0.25107694,0.73068434,1.2662592,1.0,4.0461054,0.0,0.0,0.0,0.0,1.0,0.0
CP,CH165,2015-10-17,1.0,59.0,0.68604654,Orientation,Orientation,Orientation,,,0.0,0.0,24.0,18.0,0.27795526,22.0,19.0,41.0,1.0,3.0,-0.5354989,0.93533415,1.0642078,1.3708416,1.0,1.4008003,0.0,0.0,0.0,0.0,0.0,1.0
CP,CH167,2015-10-17,0.0,67.0,0.7790698,Orientation,Orientation,Orientation,,,0.0,0.0,24.0,24.0,0.27795526,22.0,24.0,46.0,1.0,3.0,-1.7465769,0.36840573,0.57235295,0.21970414,1.0,-0.946544,0.0,0.0,0.0,0.0,1.0,0.0
CP,CH168,2015-10-17,1.0,33.0,0.38372093,Orientation,Orientation,Orientation,,,0.0,0.0,15.0,12.0,0.27795526,17.0,9.0,26.0,1.0,3.0,-0.42631984,0.11212703,0.05189304,1.277159,1.0,-0.5322324,0.0,0.0,0.0,0.0,1.0,0.0
CP,CH169,2015-10-17,1.0,1.0,0.011627907,Orientation,Orientation,Orientation,,,0.0,0.0,0.0,0.0,0.27795526,0.0,0.0,,1.0,3.0,-2.760588,0.029911708,,,1.0,-2.1874192,0.0,0.0,0.0,0.0,1.0,0.0
CP,CH173,2015-10-17,1.0,24.0,0.27906978,Orientation,Orientation,Orientation,,,0.0,0.0,11.0,8.0,0.27795526,10.0,8.0,18.0,1.0,1.0,1.181347,1.7711146,1.3963238,1.6714531,1.0,-2.106704,0.0,0.0,0.0,0.0,0.0,1.0
CP,CH180,2015-10-17,1.0,54.0,0.627907,Orientation,Orientation,Orientation,,,0.0,0.0,19.0,20.0,0.27795526,19.0,22.0,41.0,1.0,4.0,0.49130893,-0.36026683,1.6226258,0.15158576,1.0,1.4008003,0.0,0.0,1.0,0.0,0.0,0.0
CP,CH195,2015-10-17,0.0,0.0,0.0,Orientation,Orientation,Orientation,,,0.0,0.0,0.0,0.0,0.27795526,0.0,0.0,,1.0,4.0,0.5628487,-0.02162774,0.70352,1.6385452,1.0,0.6448682,0.0,0.0,0.0,0.0,0.0,1.0
CP,CH196,2015-10-17,1.0,81.0,0.94186044,Orientation,Orientation,Orientation,,,0.0,0.0,28.0,30.0,0.27795526,28.0,33.0,61.0,1.0,5.0,0.23395395,0.3038129,1.3574461,0.92339563,1.0,1.3882389,0.0,0.0,1.0,0.0,0.0,0.0
CP,CH199,2015-10-17,1.0,10.0,0.11627907,Orientation,Orientation,Orientation,,,0.0,0.0,4.0,3.0,0.27795526,3.0,3.0,6.0,1.0,5.0,-0.07799665,-1.2332447,,,1.0,2.8658571,0.0,0.0,0.0,1.0,0.0,0.0
CP,CH200,2015-10-17,1.0,8.0,0.093023255,Orientation,Orientation,Orientation,,,0.0,0.0,3.0,3.0,0.27795526,2.0,3.0,5.0,1.0,3.0,-0.7990447,-0.31418294,0.2911276,0.96565175,1.0,0.9176349,0.0,0.0,0.0,1.0,0.0,0.0
CP,CH211,2015-10-17,0.0,4.0,0.046511628,Orientation,Orientation,Orientation,,,0.0,0.0,2.0,1.0,0.27795526,0.0,0.0,,1.0,3.0,-0.7991095,-1.1334068,0.46167165,-0.5654365,1.0,-2.106704,0.0,0.0,0.0,1.0,0.0,0.0
CP,CH213,2015-10-17,1.0,78.0,0.90697676,Orientation,Orientation,Orientation,,,0.0,0.0,26.0,29.0,0.27795526,29.0,27.0,56.0,1.0,4.0,-0.6128097,0.12757108,1.1243294,0.174267,1.0,-1.4095945,0.0,0.0,0.0,0.0,1.0,0.0
CP,CH221,2015-10-17,1.0,63.0,0.73255813,Orientation,Orientation,Orientation,,,0.0,0.0,23.0,22.0,0.27795526,23.0,23.0,46.0,1.0,5.0,-0.22936542,-0.770538,0.92024255,0.5529618,1.0,-0.8053959,0.0,0.0,0.0,1.0,0.0,0.0
