sector,var,coef,se,t
1,d0_375,-3.3609050874640536,1.0621086884533284,-3.1643702042945296
1,d375_750,-3.3886750847448726,0.6397404554173465,-5.296952937788197
1,d750_1500,-4.078830714541193,0.5781495817481841,-7.054974773496849
1,d1500_3000,-4.399587186807235,0.5882763924694413,-7.478775696469541
1,d3000_6000,-5.20550489711746,0.5953754181563193,-8.743231141851952
1,d6000_,-6.623981276086303,0.5097373773949231,-12.994890251013162
1,contig,0.8886095288879099,0.36318303534178087,2.4467264228123033
1,FTA,0.8150048609597771,0.360464629427433,2.26098428091084
1,CU,1.4629106492871586,0.38911965514040875,3.759539334396476
2,d0_375,-1.6985391270537509,1.7482905368798065,-0.9715428249615493
2,d375_750,-3.5796975137112965,1.0530487100091848,-3.3993655561100056
2,d750_1500,-4.568920670194218,0.9516666737217677,-4.800967393684316
2,d1500_3000,-5.063635642839277,0.968335972773006,-5.229213604797347
2,d3000_6000,-5.289284093411142,0.9800213676524219,-5.397110989611667
2,d6000_,-8.771916636705622,0.8390563441216354,-10.454502487420541
2,contig,0.5569048185892319,0.5978196683128075,0.9315598801908822
2,FTA,1.5201193418149912,0.593345019543694,2.5619484309213947
2,CU,-0.20889516311659373,0.6405128008006161,-0.32613737439046164
3,d0_375,-3.809109166073939,0.6432397532167645,-5.921756463317204
3,d375_750,-4.013008767133149,0.38744292099208927,-10.357677349885265
3,d750_1500,-4.509989835158546,0.3501419377593381,-12.880461746511445
3,d1500_3000,-4.717264779797721,0.356274989206926,-13.240516238028468
3,d3000_6000,-5.085186068460021,0.36057433783343673,-14.103017144855897
3,d6000_,-6.479896804905924,0.3087097849828757,-20.99025401888498
3,contig,0.8863857584174613,0.21995278690917905,4.029891009216718
3,FTA,0.26497676342620746,0.21830645186974496,1.21378347344635
3,CU,1.1728340409757032,0.2356606566403281,4.976791873943199
4,d0_375,-2.499632249270143,0.6532135046676569,-3.826669582622775
4,d375_750,-3.0042188475778593,0.39345041567204053,-7.635571670311863
4,d750_1500,-3.3275933491650567,0.3555710621912179,-9.358448150022832
4,d1500_3000,-3.516182276681635,0.3617992096437836,-9.718601320725826
4,d3000_6000,-4.166196863287104,0.3661652218034281,-11.377915255763101
4,d6000_,-4.9460252750652725,0.3134964833336539,-15.776972112957402
4,contig,1.001388398291568,0.22336326397716583,4.483227816701043
4,FTA,0.7632125646535748,0.22169140169628546,3.44268004448439
4,CU,1.0404643278493626,0.23931469202034086,4.347682622682133
5,d0_375,-3.0673172143394973,1.3059240644268602,-2.348771492839955
5,d375_750,-4.3011406596746,0.7865978922868245,-5.468029728849356
5,d750_1500,-5.09586375584375,0.7108683507172487,-7.168505604029422
5,d1500_3000,-5.866451119119853,0.7233198502300191,-8.110452267076997
5,d3000_6000,-6.608304851461358,0.7320485129170543,-9.02714059909595
5,d6000_,-8.43393459223498,0.6267515885283316,-13.456582714115823
5,contig,0.6994026783402792,0.44655454832508307,1.5662200305955178
5,FTA,1.0413687679837862,0.4432121110218003,2.3495945667706817
5,CU,0.3942637195045282,0.478445122531987,0.8240521241350292
6,d0_375,-4.202037066788882,0.7337132226743356,-5.727083739165471
6,d375_750,-4.906862164891136,0.44193785092083293,-11.103059298195602
6,d750_1500,-5.1018484504475525,0.39939038012202416,-12.774089473283771
6,d1500_3000,-5.412530190059812,0.4063860624005739,-13.31869050352591
6,d3000_6000,-6.112428761844511,0.41129012643017165,-14.861598587104112
6,d6000_,-7.354029465251139,0.3521306792345552,-20.884375883512835
6,contig,0.7257472820260042,0.2508897612628602,2.8926939001932013
6,FTA,0.8448026476157617,0.24901186459782343,3.392620062422303
6,CU,1.1813771110651758,0.2688069867828231,4.394889899270529
7,d0_375,-2.183486247177411,2.4507425222337407,-0.8909488562622491
7,d375_750,-1.7252906374525123,1.4761569642816874,-1.1687718035405914
7,d750_1500,-2.269978285019791,1.3340402725310996,-1.7015815277547197
7,d1500_3000,-3.2522793968857173,1.3574071896074853,-2.3959497354851664
7,d3000_6000,-4.931842911133244,1.3737877016081892,-3.5899600100946523
7,d6000_,-6.455170258238673,1.1761838308401529,-5.4882324420560336
7,contig,0.6222286134979387,0.8380197975427197,0.7424987038760493
7,FTA,2.3978027861626505,0.8317472634420097,2.8828502257282484
7,CU,1.2499702276413636,0.8978667583241728,1.3921555910749783
8,d0_375,-2.3695387689029754,0.5687382920620945,-4.166307776308951
8,d375_750,-2.3854415447497423,0.34256841878106564,-6.963401802295938
8,d750_1500,-2.5366723418697656,0.30958771852126266,-8.193711152322555
8,d1500_3000,-2.861358060003626,0.3150104262876694,-9.083375727350106
8,d3000_6000,-3.6527993174033044,0.31881181477865284,-11.457540618246531
8,d6000_,-4.482632828099378,0.27295432997725555,-16.42264780512147
8,contig,0.5731718628461905,0.19447736514330222,2.947242021835519
8,FTA,0.5690205009885007,0.1930217122956552,2.9479611087322684
8,CU,0.4685620754324644,0.20836591440996582,2.2487462825160325
9,d0_375,-3.0267254050251218,0.5695124497214247,-5.314590412388062
9,d375_750,-3.3838814791687866,0.3430347175496652,-9.864545207960946
9,d750_1500,-3.437406388219192,0.3100091244769946,-11.088081339600306
9,d1500_3000,-3.7643869191101182,0.31543921354831833,-11.933795030634316
9,d3000_6000,-4.693122135491384,0.3192457764298034,-14.700655363324188
9,d6000_,-5.699729024343732,0.2733258711380117,-20.85323647049035
9,contig,1.057155870720586,0.19474208468811458,5.428492112599357
9,FTA,0.6228987682091477,0.19328445042860018,3.2227050175422582
9,CU,0.7101546527395464,0.2086495388306092,3.403576431175728
10,d0_375,-3.6343849211080386,0.6538315650394481,-5.558595080812231
10,d375_750,-4.769030038731558,0.3938226922836751,-12.109586705319586
10,d750_1500,-5.09468721792256,0.35590749795276555,-14.314638627250007
10,d1500_3000,-5.572904982839864,0.36214153838075597,-15.38874829923682
10,d3000_6000,-6.457430266195915,0.36651168159262054,-17.61862060749643
10,d6000_,-7.373367949446506,0.3137931087886695,-23.497545812620935
10,contig,0.9909863199816975,0.2235746067938586,4.432463660309204
10,FTA,0.6851598068191789,0.22190116262311294,3.0876801127125484
10,CU,0.14934315172436874,0.23954112782803352,0.6234551581120639
11,d0_375,-2.839898708293532,0.9576866158594675,-2.9653737049931412
11,d375_750,-2.8785873339936447,0.5768438564128697,-4.990236616012995
11,d750_1500,-3.1940246138732906,0.5213083391788064,-6.1269394211201265
11,d1500_3000,-3.3434019106428328,0.5304395243338899,-6.303078404350387
11,d3000_6000,-4.065964893165391,0.5368406035830071,-7.57387735955167
11,d6000_,-5.817667157068865,0.45962213589016837,-12.657499939165373
11,contig,1.0489722393610235,0.32747640221316515,3.2031994741355834
11,FTA,0.45257447926012284,0.32502525856944325,1.3924286415525704
11,CU,0.8997636317125401,0.350863042311132,2.564429772328839
12,d0_375,-4.403765594349755,0.6214249072862806,-7.086561131868199
12,d375_750,-5.193205147253741,0.37430317397547286,-13.87432837423398
12,d750_1500,-5.515202190116815,0.3382672170384516,-16.30427635998167
12,d1500_3000,-5.685182023676159,0.34419227205586894,-16.517459818950687
12,d3000_6000,-6.588811502251504,0.3483458124865713,-18.914570711268425
12,d6000_,-7.5156556081550265,0.2982401951247302,-25.200009022968295
12,contig,1.1139929325200004,0.21249330366920685,5.242484884390421
12,FTA,0.4713949317202555,0.21090280246941903,2.235128818587453
12,CU,0.7789840421780332,0.2276684563903025,3.421572116440167
13,d0_375,-3.3123689480406426,0.5215120925501232,-6.35147103079357
13,d375_750,-3.5430955073740007,0.31412263850276356,-11.279338300040509
13,d750_1500,-3.6332135313781553,0.2838805495730799,-12.798388395548919
13,d1500_3000,-3.8561679228433836,0.28885297311835056,-13.349933293791688
13,d3000_6000,-4.383575350248263,0.2923387065289511,-14.994851014756561
13,d6000_,-5.047273510736968,0.2502890798524144,-20.16577596478898
13,contig,0.7645038280027936,0.17832858990694564,4.287051383077287
13,FTA,0.410464090888974,0.17699380979243903,2.319087268477502
13,CU,0.6318565734016417,0.1910638786885078,3.3070435800780533
14,d0_375,-1.0121015096431583,0.5485871476769906,-1.844923844696205
14,d375_750,-1.7153130369135927,0.3304307699450693,-5.19114196658727
14,d750_1500,-2.0374227151575623,0.29861861919588123,-6.822825450884222
14,d1500_3000,-2.2156507342292016,0.3038491933066432,-7.291942131283453
14,d3000_6000,-2.4741651692430735,0.3075158936125425,-8.045649739198263
14,d6000_,-3.2598603919345095,0.26328319970401826,-12.381573893052156
14,contig,0.3857813371728831,0.18758677676665497,2.056548674818207
14,FTA,0.3389701393374378,0.18618269961052888,1.8206317775310021
14,CU,0.9558955879887265,0.20098323649850386,4.756096103546637
15,d0_375,-2.6856669486535276,0.5566482486469674,-4.824711036424742
15,d375_750,-3.0656052218559884,0.3352862169080426,-9.143248565737427
15,d750_1500,-3.054181002302496,0.3030066090550065,-10.079585431577346
15,d1500_3000,-3.298160938450404,0.3083140427608507,-10.697407451559645
15,d3000_6000,-3.904835649899322,0.3120346226399731,-12.514110187076062
15,d6000_,-4.403581424554048,0.26715196051166723,-16.483432935023256
15,contig,0.8198903607260328,0.19034323206195636,4.30743111716817
15,FTA,0.8426466205484848,0.18891852298294784,4.460370572686214
15,CU,1.0213348959489985,0.20393654331501923,5.008101438550669
16,d0_375,-3.479582229847214,0.9053033536106638,-3.8435538938074547
16,d375_750,-4.195414649952064,0.5452918199672432,-7.693888843232769
16,d750_1500,-4.055757546819509,0.49279396820246724,-8.230128225013456
16,d1500_3000,-4.38997903619124,0.5014256984641648,-8.754994109072326
16,d3000_6000,-4.914056547218749,0.5074766533537797,-9.683315507704723
16,d6000_,-5.8177206111302056,0.43448185880894097,-13.390019613427611
16,contig,0.8399396418105414,0.309564193800362,2.7132971404057753
16,FTA,1.2178485562620527,0.3072471220943411,3.9637427617242547
16,CU,1.6173891415508814,0.3316716383023136,4.876477077840029
17,d0_375,-3.164421784878397,1.102290946426763,-2.8707681897745165
17,d375_750,-4.27666117938014,0.6639434548797241,-6.441303318751555
17,d750_1500,-4.316269866125343,0.6000224426837903,-7.193514040607314
17,d1500_3000,-4.384577320889942,0.6105323762674001,-7.181563978139615
17,d3000_6000,-4.175908545540253,0.617899976050895,-6.758227395037628
17,d6000_,-5.502360974469426,0.5290220316114439,-10.401005337544808
17,contig,0.8026644422487842,0.3769231681326442,2.129517392696636
17,FTA,1.1201524857590357,0.37410191804715426,2.994244166419495
17,CU,0.30492954784256676,0.40384103585724945,0.7550732114067622
18,d0_375,-5.035308134417836,0.7635642584417027,-6.594478563852626
18,d375_750,-5.507869564743999,0.45991804016521654,-11.975763252873065
18,d750_1500,-5.688008274466526,0.41563953054445923,-13.684955006603019
18,d1500_3000,-5.956132270369574,0.42291983132988686,-14.083360081839384
18,d3000_6000,-6.5905950277976775,0.428023416625054,-15.397744076163479
18,d6000_,-6.97097671966289,0.36645707431069185,-19.022628319497834
18,contig,1.0455160603355491,0.2610971815541639,4.004317680153356
18,FTA,0.7040371292302281,0.25914288288520637,2.7167912982665183
18,CU,1.0041890676967247,0.2797433672772684,3.5896796319800495
