Country,year,Gross.Debt,GDP.capita.PPP,Reer.YoY,Overshoot,Developed,Center.Target,CPI,Revenue,deviation,DebtRev,Overshoot_y,GDP.Gap
New.Zealand,2000,30.017806266809,21519.15722764593,,1.0,0,1.5,4.0,38.451734025299,2.5,11.54236702594293,1.0,-0.006912178230171248
New.Zealand,2001,28.171356715944,22500.340216429904,-0.018435115808190017,0.0,0,1.5,1.8,38.528165832866,0.30000000000000004,10.85390703288714,0.0,-0.21771330288495266
New.Zealand,2002,26.402371594921,23306.279537627735,0.09199047119682158,0.0,0,1.5,2.6,39.31418004411,1.1,10.3798759047422,0.0,0.006374065907432946
New.Zealand,2003,24.699335393461,23968.39735158078,0.13629479344278694,0.0,0,1.5,1.6,40.317461461795,0.10000000000000009,9.95814502857813,0.0,-0.184280044748029
New.Zealand,2004,22.508952900245,25080.938263995184,0.06879487827514641,0.0,0,1.5,2.7,40.640146548719,1.2000000000000002,9.147671445241704,0.0,0.1011943170622418
New.Zealand,2005,20.791490710669,25677.419080325202,0.05480932700422825,1.0,0,1.5,3.2,42.245804224543,1.7000000000000002,8.78353246099327,1.0,-0.1943487183781697
New.Zealand,2006,18.398932071536,27759.04625110709,-0.07250247973584112,0.0,0,1.5,2.6,42.446105184499,1.1,7.809630059908691,0.0,-0.17968092857797063
New.Zealand,2007,16.297831669942,29386.637532207165,0.0696804442299388,1.0,0,1.5,3.2,40.631200724052,1.7000000000000002,6.6220046994822495,1.0,0.8341902791558797
New.Zealand,2008,18.979361627239,29860.527731851984,-0.0707325580921665,1.0,0,1.5,3.3,39.973620359484,1.7999999999999998,7.586737963526104,1.0,0.27773262709118934
New.Zealand,2009,24.320797958227,30698.931399297424,-0.06308156048823155,0.0,0,1.5,2.1,38.589509870306,0.6000000000000001,9.385276728627188,0.0,-0.375417690412249
New.Zealand,2010,29.681242276713,31254.41145219471,0.09475892372381334,1.0,0,1.5,3.9,37.627852963509,2.4,11.168414201624438,1.0,-0.7562238095664708
New.Zealand,2011,34.678606418879,32734.536666696877,0.04191409360595011,0.0,0,1.5,1.9,37.420899930425,0.3999999999999999,12.977046605274651,0.0,0.008220191132283977
New.Zealand,2012,35.713095403416,32986.18288871885,0.03372848073132095,0.0,0,1.5,1.0,37.535990371708,-0.5,13.405264052065123,0.0,0.4776819145968808
New.Zealand,2013,34.593112524676,36219.42400804772,0.021121000013685665,0.0,0,1.5,1.6,37.330335599912,0.10000000000000009,12.913724999916742,0.0,0.08576294762584052
New.Zealand,2014,34.231325721983,37260.62940099196,0.0263704006374601,0.0,0,1.5,0.7,37.274549098196,-0.8,12.759572313203948,0.0,-0.07138126249152685
New.Zealand,2015,34.325025815635,37475.17835959058,-0.07007304288216432,0.0,0,1.5,0.1,37.668698692672,-1.4,12.92979055067343,0.0,-0.23028708890327593
New.Zealand,2016,33.483037873744,39912.022042379154,0.008349830162653893,0.0,0,1.5,1.3,37.586747762895,-0.19999999999999996,12.58518498895876,0.0,-0.07458945477149168
New.Zealand,2017,31.277316701861,40922.38721846832,0.014506093572686174,0.0,0,1.5,1.6,37.068632884574,0.10000000000000009,11.594073704358403,0.0,0.1776257744056685
New.Zealand,2018,28.543172117097,42193.8180302676,-0.04201697578822994,0.0,0,1.5,1.9,37.856854770947,0.3999999999999999,10.80554721539085,0.0,0.19703967156900298
New.Zealand,2019,30.227897953302,,-0.015419083072825468,0.0,0,1.5,1.9,36.728467748726,0.3999999999999999,11.102243750896331,0.0,-0.20602328500849465
Canada,2000,80.436608499816,29265.728127848204,,1.0,0,2.0,3.1,43.197317351237,1.1,34.746457040237594,1.0,1.0898968448569497
Canada,2001,81.462033318102,30107.878841177695,-0.029380944040483303,0.0,0,2.0,1.1,41.631638129804,-0.8999999999999999,33.913978924172596,0.0,0.07960865321211151
Canada,2002,79.604069384616,30853.20131632896,-0.008741443865063814,1.0,0,2.0,3.8,40.159957241973,1.7999999999999998,31.9689602277323,1.0,0.05098875433049785
Canada,2003,75.911797358352,32219.428748623737,0.11253718238124422,0.0,0,2.0,1.7,40.148731178477,-0.30000000000000004,30.47762345415495,0.0,-1.057417365426705
Canada,2004,71.889399886654,33795.68370494468,0.05546776397875974,0.0,0,2.0,2.3,39.902345607012,0.2999999999999998,28.685556797579576,0.0,-0.2458090079195149
Canada,2005,70.640409682116,36211.084598416535,0.05965201290381583,0.0,0,2.0,2.3,40.073720270964,0.2999999999999998,28.308240174274136,0.0,0.6604624051202013
Canada,2006,69.919831832602,37995.00480392665,0.05517285085200885,0.0,0,2.0,1.4,40.488399068825,-0.6000000000000001,28.309420540635234,0.0,0.8192113262441558
Canada,2007,66.861448688914,39451.319527528125,0.032046482710607505,0.0,0,2.0,2.5,40.338703942102,0.5,26.971041838021456,0.0,1.4952109095103976
Canada,2008,67.914010576685,40275.98989575041,-0.026435079799970507,0.0,0,2.0,1.8,38.959808477883,-0.19999999999999996,26.459168450325684,0.0,0.42790304058003825
Canada,2009,79.272579858897,38794.930716498566,-0.04597694512864581,0.0,0,2.0,0.8,39.539397734664,-1.2,31.34390064493843,0.0,-2.6710327499308124
Canada,2010,81.219748770744,40019.205402499785,0.0919923500475226,0.0,0,2.0,2.2,38.326386754763,0.20000000000000018,31.128595035122217,0.0,-0.8161315678955445
Canada,2011,81.777873728272,41569.44961719698,0.015641629152129966,0.0,0,2.0,2.7,38.266510264855,0.7000000000000002,31.293538444609368,0.0,0.3205052243580683
Canada,2012,85.406257986943,42189.19610967116,-0.0048010355547564165,0.0,0,2.0,1.0,38.401686513963,-1.0,32.79744345545234,0.0,-0.14986002405948798
Canada,2013,86.09160640022,44188.73170799886,-0.03559264031013876,0.0,0,2.0,1.0,38.466035167883,-1.0,33.11602759450404,0.0,0.4153836893345939
Canada,2014,85.579563466403,45645.564296878794,-0.06144486970364782,0.0,0,2.0,2.0,38.545379262499,0.0,32.98696730931607,0.0,1.206109103832375
Canada,2015,91.192303615129,44567.8663498079,-0.09137959408333807,0.0,0,2.0,1.3,39.956572437967,-0.7,36.437318851829815,0.0,-0.4988133673820693
Canada,2016,91.732603978702,46441.248467440906,-0.019282898656878045,0.0,0,2.0,1.4,40.300068870693,-0.6000000000000001,36.96830258029698,0.0,-1.0330432279472959
Canada,2017,90.548487301195,48552.535156918544,0.014984764957001628,0.0,0,2.0,1.8,40.435858646952,-0.19999999999999996,36.61405833206449,0.0,0.5058506636730655
Canada,2018,89.746953040125,49994.08793369302,-0.005456643242399695,0.0,0,2.0,2.1,40.650563705564,0.10000000000000009,36.48264231937862,0.0,0.4941358473861335
Canada,2019,88.619808373274,,-0.009936431648705168,0.0,0,2.0,2.1,40.808141488132,0.10000000000000009,36.1640967874771,0.0,-0.26206546672299624
United.Kingdom,2000,36.793890760935,26413.43354439927,,0.0,0,2.0,1.0,35.417632605973,-1.0,13.031525051151,0.0,0.16636181674688474
United.Kingdom,2001,34.017067464225,27757.092444736325,-0.024205267606833725,0.0,0,2.0,1.0,35.007959785095,-1.0,11.908681297944522,0.0,-0.052090258705786485
United.Kingdom,2002,34.182988255511,29068.593857460062,0.00706708533875644,0.0,0,2.0,1.5,33.941261598134,-0.5,11.602137465862409,0.0,-0.3473348727274605
United.Kingdom,2003,35.429412115549,30262.055523290448,-0.040789273509392654,0.0,0,2.0,1.3,33.950814131494,-0.7,12.028573855231057,0.0,-0.07385311440126208
United.Kingdom,2004,38.381808430698,31964.781681755667,0.03929101248628175,0.0,0,2.0,1.4,34.887601808309,-0.6000000000000001,13.390492492129892,0.0,-0.503350954199612
United.Kingdom,2005,39.576114716739,32668.226316135522,-0.01828520183012705,0.0,0,2.0,2.1,35.295794378467,0.10000000000000009,13.968704073406416,0.0,0.6517210735284075
United.Kingdom,2006,40.461163057326,34761.16781273324,0.005963629313670671,0.0,0,2.0,2.7,35.47025844739,0.7000000000000002,14.351679107253418,0.0,1.1245703314300906
United.Kingdom,2007,41.518176304345,35597.400380466774,0.01659056089629196,0.0,0,2.0,2.1,35.717889819463,0.10000000000000009,14.82941646743634,0.0,2.734069975993855
United.Kingdom,2008,49.370884648453,36660.19256354031,-0.12863911764743852,1.0,0,2.0,3.9,35.758595813277,1.9,17.65433509087953,1.0,-0.4388877321263105
United.Kingdom,2009,63.312293788553,35029.99462249797,-0.1025554629594253,0.0,0,2.0,2.1,34.468409020123,0.10000000000000009,21.822740383060374,0.0,-2.910399054436528
United.Kingdom,2010,74.556424302012,36367.920526116744,-0.0030589119110876473,1.0,0,2.0,3.4,35.525882922109,1.4,26.486828008443602,1.0,-0.07488949556246638
United.Kingdom,2011,80.057296577569,37161.55413138499,-0.0016920532937609867,1.0,0,2.0,4.6,36.034185150486,2.5999999999999996,28.84799447523491,1.0,-0.19640935618110977
United.Kingdom,2012,83.208629228182,38311.897199609324,0.03578489269095564,0.0,0,2.0,2.6,35.961969725285,0.6000000000000001,29.923462051863464,0.0,-0.47915661207639093
United.Kingdom,2013,84.158095829155,39970.9960678458,-0.013037305446475855,0.0,0,2.0,2.1,36.312649787415,0.10000000000000009,30.560034606198165,0.0,-0.21710775018123793
United.Kingdom,2014,86.192543898516,41265.93808545364,0.06523533749784316,0.0,0,2.0,0.9,35.539926905178,-1.1,30.63276709924605,0.0,0.591909990135686
United.Kingdom,2015,86.923182060999,42518.14125628525,0.04629663197585088,0.0,0,2.0,0.1,35.68331302272,-1.9,31.01707114413507,0.0,0.448590944350821
United.Kingdom,2016,86.788528863761,44162.551172859094,-0.099987227528195,0.0,0,2.0,1.2,36.137206223271,-0.8,31.36294965364039,0.0,0.16056715318190953
United.Kingdom,2017,86.245231497147,45974.86435235712,-0.051680817764475084,0.0,0,2.0,3.0,36.634603920418,1.0,31.595598959227395,0.0,-0.293053707304044
United.Kingdom,2018,85.724272304673,46867.916210927644,0.018142645756364928,0.0,0,2.0,2.3,36.554378483648,0.2999999999999998,31.33597495060321,0.0,
United.Kingdom,2019,85.412490383261,,-0.005093473616084143,0.0,0,2.0,1.4,36.587448214086,-0.6000000000000001,31.250250687336806,0.0,
Sweden,2000,50.517117672461,29460.50594948704,,0.0,0,2.0,1.5,55.650122409296,-0.5,28.112837822372647,0.0,1.0976210563258262
Sweden,2001,52.058779462135,29770.333030808375,-0.08339911199545336,0.0,0,2.0,3.0,53.372693169617,1.0,27.785172630172905,0.0,-0.11968989635867724
Sweden,2002,50.050781697533,30751.206648202955,0.026799662245487132,0.0,0,2.0,1.6,51.546790379965,-0.3999999999999999,25.799571525161223,0.0,-0.4272392494216155
Sweden,2003,49.577531572546,31583.536964133273,0.06652728394001595,0.0,0,2.0,1.9,51.917688813724,-0.10000000000000009,25.7395085633602,0.0,-1.0418609049167227
Sweden,2004,48.792137898316,33608.88500669048,0.005177620702706998,0.0,0,2.0,1.1,52.018781813804,-0.8999999999999999,25.38107575561537,0.0,-0.618481907952799
Sweden,2005,49.076599766742,34029.190292314015,-0.04456470509220889,0.0,0,2.0,1.1,53.44659295853,-0.8999999999999999,26.229770515217478,0.0,-0.332810188451571
Sweden,2006,43.964786267999,37429.052013745306,-0.007426096136076588,0.0,0,2.0,1.4,52.555350032817,-0.6000000000000001,23.105847314326738,0.0,2.0054084609161826
Sweden,2007,39.238885531748,40589.83873185297,0.01302272645230751,0.0,0,2.0,2.3,52.005981605834,0.2999999999999998,20.406567591975122,0.0,3.068934054839005
Sweden,2008,37.67736595133,41971.61204859942,-0.023857294064939638,0.0,0,2.0,2.7,51.140296419668,0.7000000000000002,19.268316630633226,0.0,-0.5135926114881525
Sweden,2009,40.872275789672,40186.81543347891,-0.09884111388355687,0.0,0,2.0,2.3,50.650231196985,0.2999999999999998,20.70190218293819,0.0,-3.6947586026634975
Sweden,2010,38.102788918944,42210.90640917711,0.05483115018336138,0.0,0,2.0,1.8,49.335577532574,-0.19999999999999996,18.798230969178633,0.0,0.8215190479810468
Sweden,2011,37.2366661307,44503.67323645936,0.05839086295731,0.0,0,2.0,0.8,48.4983348292,-1.2,18.059163019298197,0.0,1.2633591352411908
Sweden,2012,37.605286910599,45304.41571210753,-0.006742325754637402,0.0,0,2.0,1.0,48.917559870105,-1.0,18.395588738817025,0.0,-0.7303621499947668
Sweden,2013,40.312327187307,46138.45457368457,0.012216979880713463,0.0,0,2.0,0.3,49.327051288313,-1.7,19.88488230719547,0.0,-1.39850580311196
Sweden,2014,45.004755127273,47045.64634798235,-0.05315792911558748,0.0,0,2.0,0.3,48.295413726216,-1.7,21.7352326851869,0.0,-0.5417430332386592
Sweden,2015,43.864890955326,48975.00451235378,-0.07375746383499471,0.0,0,2.0,0.9,48.530123136481,-1.1,21.287685594302825,0.0,1.0700100237977677
Sweden,2016,42.251289064561,50433.926144378966,0.006035396866140408,0.0,0,2.0,1.4,49.76456129457,-0.6000000000000001,21.02616864427941,0.0,-0.030069012924666107
Sweden,2017,40.731643874569,52692.8528624402,-0.009558931152007455,0.0,0,2.0,1.8,49.709892522169,-0.19999999999999996,20.247656392560884,0.0,0.8587004183719412
Sweden,2018,38.759129750289,53807.86715893005,-0.04102835384410841,0.0,0,2.0,2.2,49.570119481938,0.20000000000000018,19.212946927377633,0.0,0.42337150260474876
Sweden,2019,34.790464893108,,-0.04006621956856393,0.0,0,2.0,1.7,48.749361675347,-0.30000000000000004,16.960129559275845,0.0,-0.7310053247677523
Australia,2000,19.552806503572,26318.41620729481,,1.0,0,2.5,5.8,36.571064242028,3.3,7.150669427540745,1.0,-0.006912178230171248
Australia,2001,17.169360478937,27356.5320619959,-0.04082010025222105,1.0,0,2.5,3.1,35.720321691063,0.6000000000000001,6.132950795374532,1.0,-0.21771330288495266
Australia,2002,15.048887066392,28718.241079556035,0.04867271387960059,1.0,0,2.5,3.1,35.196637492472,0.6000000000000001,5.296702227409496,1.0,0.006374065907432946
Australia,2003,13.225527802108,29732.129600228975,0.12013127550689284,0.0,0,2.5,2.4,36.06608475037,-0.10000000000000009,4.769930065792018,0.0,-0.184280044748029
Australia,2004,11.943549372989,31299.849524466743,0.07623760115474476,0.0,0,2.5,2.5,36.269797030319,0.0,4.331901115799048,0.0,0.1011943170622418
Australia,2005,10.89432417105,32575.069253964855,0.029801228715983896,0.0,0,2.5,2.8,36.404024953044,0.2999999999999998,3.965972489694546,0.0,-0.1943487183781697
Australia,2006,9.9652679344546,34290.52448098963,-0.008261670507269558,1.0,0,2.5,3.3,36.409271398019,0.7999999999999998,3.6282814477953376,1.0,-0.17968092857797063
Australia,2007,9.6880125552255,36546.47319130523,0.05841685584807266,0.0,0,2.5,3.0,35.862366702466,0.5,3.474350588735915,0.0,0.8341902791558797
Australia,2008,11.753288109005,37459.307649507,-0.021166763665507626,1.0,0,2.5,3.7,34.011630733529,1.2000000000000002,3.9974849506825545,1.0,0.27773262709118934
Australia,2009,16.653860199321,40301.957759229306,-0.030830649825020595,0.0,0,2.5,2.1,33.253854020531,-0.3999999999999999,5.538050359465518,0.0,-0.375417690412249
Australia,2010,20.394795796797,39301.60264830201,0.14161549148537445,0.0,0,2.5,2.6,31.905492574763,0.10000000000000009,6.507060058585142,0.0,-0.7562238095664708
Australia,2011,24.069137782542,41965.35841899189,0.06966273936171996,0.0,0,2.5,3.0,31.82044142948,0.5,7.658905890674618,0.0,0.008220191132283977
Australia,2012,27.535985088497,42826.78957999596,0.01927620342873082,0.0,0,2.5,2.1,33.066382323744,-0.3999999999999999,9.105154105971556,0.0,0.4776819145968808
Australia,2013,30.49696254604,45902.04794836104,-0.05110279659813577,0.0,0,2.5,2.7,33.681139085097,0.20000000000000018,10.271724371861671,0.0,0.08576294762584052
Australia,2014,34.027316670713,46880.22065715852,-0.04951173112936458,0.0,0,2.5,1.6,33.913843039706,-0.8999999999999999,11.53997076632932,0.0,-0.07138126249152685
Australia,2015,37.699848172986,46276.15068538626,-0.08629089016177349,0.0,0,2.5,1.7,34.549910006991,-0.8,13.025263616538904,0.0,-0.23028708890327593
Australia,2016,40.492592351156,47349.92795427256,0.01194392400469857,0.0,0,2.5,1.4,34.862374006543,-1.1,14.116678990404829,0.0,-0.07458945477149168
Australia,2017,41.0697834908,48905.417195415175,0.030498954486291474,0.0,0,2.5,2.0,35.017849816027,-0.5,14.381755102575797,0.0,0.1776257744056685
Australia,2018,41.456682773369,51036.40588969213,-0.04000293805688082,0.0,0,2.5,1.8,35.770376069311,-0.7,14.829211333895362,0.0,0.19703967156900298
Australia,2019,45.04768032217,,-0.04458327802101736,0.0,0,2.5,1.8,34.643046451556,-0.7,15.605888819357807,0.0,-0.20602328500849465
Israel,2000,79.579023057735,24928.94548299737,,0.0,0,3.5,0.0,43.834656713682,-3.5,34.88319157345998,0.0,3.0383211307889675
Israel,2001,83.670047752227,24921.59625605352,-0.009772366409296795,0.0,0,3.0,1.4,43.588008677765,-1.6,36.47010767493083,0.0,0.74056619003572
Israel,2002,90.159463702883,25224.878737427793,-0.09577836165788733,1.0,0,2.5,6.5,43.266693442437,4.0,39.00901876967165,1.0,-0.9005670275525322
Israel,2003,92.771559417242,23818.48604667964,-0.05018325071234908,0.0,0,2.0,-1.9,41.87323615911,-3.9,38.8464541632708,0.0,-1.825183494184715
Israel,2004,91.232028458029,25208.036241056605,-0.061273608213348485,0.0,0,2.0,1.2,40.94148391619,-0.8,37.35174625755783,0.0,-0.9269214214327305
Israel,2005,88.110727033099,24831.449918269645,-0.02564866068732108,0.0,0,2.0,2.4,41.037542660552,0.3999999999999999,36.15847719473052,0.0,-0.47039429818572076
Israel,2006,80.009208183628,25665.066426038935,-0.004202392836293423,0.0,0,2.0,-0.1,41.999907677234,-2.1,33.603793570409714,0.0,0.31593888565896827
Israel,2007,72.95598510847,27460.31043794668,0.012046484489186993,1.0,0,2.0,3.4,41.100310852107,1.4,29.985136664798066,1.0,1.9828939586133627
Israel,2008,71.814646917338,27433.063493125548,0.1154856188857103,1.0,0,2.0,3.8,38.648763138673,1.7999999999999998,27.75547278595629,1.0,0.09952692661021878
Israel,2009,74.540313081082,27484.870971532408,-0.02589165234959423,1.0,0,2.0,3.9,35.829797153644,1.9,26.707642974642848,1.0,-1.2943814551307953
Israel,2010,70.614604573759,28824.19399216021,0.04369774531001558,0.0,0,2.0,2.7,36.911499068419,0.7000000000000002,26.06490910941081,0.0,0.06660970740684449
Israel,2011,68.797704926093,30539.96336664799,0.01151281803457005,0.0,0,2.0,2.2,36.96759408415,0.20000000000000018,25.432856296289334,0.0,0.9266707969476697
Israel,2012,68.451405562553,31693.917871933,-0.051133001107883436,0.0,0,2.0,1.6,36.153889034568,-0.3999999999999999,24.747845209687526,0.0,-0.72702076936588
Israel,2013,67.110022543198,34145.712599096325,0.0656917978194742,0.0,0,2.0,1.8,36.437857303956,-0.19999999999999996,24.453454250943192,0.0,0.3705056163204715
Israel,2014,65.850049251655,34212.944488898574,0.008243882720405216,0.0,0,2.0,-0.2,36.640200126189,-2.2,24.127589829000414,0.0,0.5530365771555336
Israel,2015,63.892102110658,35436.81087308876,-0.013424622443844902,0.0,0,2.0,-1.0,36.845806958722,-3.0,23.54156060556259,0.0,-1.0783128785291283
Israel,2016,62.048196213563,37843.97781079834,0.015547406590693758,0.0,0,2.0,-0.2,36.540127591191,-2.2,22.672490064468466,0.0,-0.09593375284935748
Israel,2017,60.507016998871,38966.66269345488,0.04667906901696983,0.0,0,2.0,0.4,37.692917282238,-1.6,22.806859867334133,0.0,0.2560797629145465
Israel,2018,60.872466778595,40261.3380291629,-0.0197808092960019,0.0,0,2.0,0.8,36.004367888031,-1.2,21.916746881484798,0.0,0.2298583907975597
Israel,2019,61.41888180411,,0.024886285020862653,0.0,0,2.0,0.6,35.237639908093,-1.4,21.642564405709535,0.0,-0.042967138206979893
Czech.Republic,2000,17.038715336222,16194.628109304065,,,0,,4.0,37.390124288001,,6.370796841292093,,0.4491399531160763
Czech.Republic,2001,22.801578781992,17554.659344696225,0.06242373012491709,,0,,4.1,37.718709080566,,8.600461166555625,,0.3751491254700673
Czech.Republic,2002,25.921897164575,18189.234354155422,0.11515116697527694,0.0,0,4.0,0.7,38.456484156734,-3.3,9.968650276219666,0.0,-1.0957361716189913
Czech.Republic,2003,28.300316469434,19426.386273910673,-0.017523442189063543,0.0,0,3.666666666666667,1.0,42.460526718432,-2.666666666666667,12.016463435904836,0.0,-1.6678670176351325
Czech.Republic,2004,28.531460493645,20799.25126905361,0.009823190465508835,0.0,0,3.3333333333333335,2.7,40.173665216409,-0.6333333333333333,11.462133420068938,0.0,-1.559853111230961
Czech.Republic,2005,27.881416176942,21956.383858385296,0.05551732029573575,0.0,0,3.0,2.3,39.281779614944,-0.7000000000000002,10.952316456151703,0.0,-0.19222486101136427
Czech.Republic,2006,27.703073162761,23772.472126091707,0.053494330568375936,0.0,0,3.0,1.7,39.185031419398,-1.3,10.855457922966714,0.0,1.972920133638965
Czech.Republic,2007,27.464892345728,26122.988283092833,0.027528759028708105,1.0,0,3.0,5.4,39.720794965362,2.4000000000000004,10.909273576104022,1.0,3.6937669359902454
Czech.Republic,2008,28.250147796399,27844.795326465617,0.1497710422743459,0.0,0,3.0,3.7,38.657275620962,0.7000000000000002,10.920737496983083,0.0,2.2149073133269273
Czech.Republic,2009,33.560476784986,27620.19886226773,-0.04038064198581892,0.0,0,3.0,1.0,38.749707727618,-2.0,13.004586666177165,0.0,-2.04629656577973
Czech.Republic,2010,37.354661140139,27688.142660985624,0.006771065132892717,0.0,0,2.0,2.3,39.324622255243,0.2999999999999998,14.689579388085711,0.0,0.1435462272276151
Czech.Republic,2011,39.826216515381,28797.417961169096,0.018879079659150033,0.0,0,2.0,2.4,40.310331192648,0.3999999999999999,16.054079778851154,0.0,0.6373916606491408
Czech.Republic,2012,44.469658455651,29047.24643959492,-0.03393556184779456,0.0,0,2.0,2.4,40.549745905823,0.3999999999999999,18.032333508953812,0.0,-1.323024423628093
Czech.Republic,2013,44.908602171528,30485.714154111276,-0.020067107566950293,0.0,0,2.0,1.4,41.354955238099,-0.6000000000000001,18.57193232609136,0.0,-2.2502857305743427
Czech.Republic,2014,42.169378242654,32263.31575489967,-0.05765050538936778,0.0,0,2.0,0.1,40.334680254412,-1.9,17.00888387944807,0.0,-1.4270444290768451
Czech.Republic,2015,39.955215466004,33691.424239260756,-0.02444194654544618,0.0,0,2.0,0.0,41.083967628585,-2.0,16.415187787984472,0.0,0.49588495967921886
Czech.Republic,2016,36.805509239743,35876.72743761214,0.02547407434601845,0.0,0,2.0,2.0,40.201405623753,0.0,14.796332061356972,0.0,-0.47994617385677124
Czech.Republic,2017,34.662957200402,38489.496310012466,0.04189919515954288,0.0,0,2.0,2.4,40.512083073869,0.3999999999999999,14.042686016886513,0.0,1.9457178719856274
Czech.Republic,2018,32.592425063247,40428.67299159448,0.046514801093894276,0.0,0,2.0,2.0,41.529045622888,0.0,13.535323074121429,0.0,1.2481588969838717
Czech.Republic,2019,30.790830267315,,0.002512798371921976,1.0,0,2.0,3.2,42.12661182884,1.2000000000000002,12.971133545588765,1.0,-0.9190616514375431
Poland,2000,36.583160705985,10655.425485273998,,,0,,8.5,39.240197856465,,14.355304643177073,,0.926695325582555
Poland,2001,37.351785703749,11102.083506011635,0.12533080760729787,,0,,3.6,40.28509276598,,15.047201520505341,,-0.05903637691811599
Poland,2002,41.778680135916,11781.056352439515,-0.04187838821185641,,0,,0.8,40.555907550892,,16.943722891904972,,-0.827017429784833
Poland,2003,46.587779130661,12257.334853984532,-0.10530496682629187,,0,,1.7,39.714751811616,,18.50222085628585,,-0.43070762939039475
Poland,2004,45.043323501543,13341.15826668095,-0.010623079465418406,1.0,0,2.5,4.4,38.546207608779,1.9000000000000004,17.362492990798707,1.0,-0.7381137374691665
Poland,2005,46.44142112152,13895.92354169062,0.11122180308666674,0.0,0,2.5,0.7,40.27057856186,-1.8,18.702228977985957,0.0,-1.2579175625951717
Poland,2006,46.948384454775,15139.626695136269,0.019681884501569158,0.0,0,2.5,1.4,40.870447450135,-1.1,19.188014797276168,0.0,-0.020969590868498533
Poland,2007,44.156307603078,16786.7490490813,0.03421061118861091,1.0,0,2.5,4.0,41.037671544603,1.5,18.12072048037571,1.0,1.6302041502583529
Poland,2008,46.294773561266,18310.443208668483,0.09086039338742546,0.0,0,2.5,3.3,40.416290615911,0.7999999999999998,18.710630222499198,0.0,0.5712718702354985
Poland,2009,49.433585043354,19261.022455043756,-0.15178373717714866,0.0,0,2.5,3.5,37.577185319903,1.0,18.575749862012984,0.0,-0.4219188086101595
Poland,2010,53.127047804753,21064.085181108934,0.05419816430142932,0.0,0,2.5,3.1,38.410702514783,0.6000000000000001,20.406472287170224,0.0,0.368419611507373
Poland,2011,54.103591348077,22850.638846028618,-0.015730456621641076,1.0,0,2.5,4.6,39.00017098284,2.0999999999999996,21.10049313360706,1.0,1.89853607819538
Poland,2012,53.715887962427,23833.209704918507,-0.02790605003055191,0.0,0,2.5,2.4,39.117853122157,-0.10000000000000009,21.012502156404608,0.0,-0.20632462208563923
Poland,2013,55.691804341312,24719.247505351945,0.006061625928205139,0.0,0,2.5,0.7,38.412802738616,-1.8,21.39278294320416,0.0,-1.0154411139265491
Poland,2014,50.414431275902,25612.257831143987,0.006268855942058282,0.0,0,2.5,-1.0,38.748388484274,-3.5,19.53477968292384,0.0,-0.687306202050128
Poland,2015,51.29263389957,26856.035219263318,-0.04391373182939129,0.0,0,2.5,-0.5,39.061467760823,-3.0,20.035655654357505,0.0,-0.6689024630515896
Poland,2016,54.234791044347,28283.1543485005,-0.04057238881929903,0.0,0,2.5,0.8,38.738902349812,-1.7,21.00996274229417,0.0,-1.0694074248802232
Poland,2017,50.601922345239,30143.329026303734,0.033557246844907684,0.0,0,2.5,2.1,39.762574865485,-0.3999999999999999,20.12062725590024,0.0,-0.059209750024978
Poland,2018,48.942636150878,31755.771886714352,0.016651956677026014,0.0,0,2.5,1.1,41.406196814586,-1.4,20.265284250879265,0.0,1.25074295564008
Poland,2019,46.701536041071,,-0.013126415699789784,0.0,0,2.5,3.4,42.053858781785,0.8999999999999999,19.639798015636426,0.0,0.33013172810548647
Brazil,2000,65.562687325422,9060.786399429924,,0.0,0,6.0,6.0,31.163161500966,0.0,20.431406135594628,0.0,0.5619284678836678
Brazil,2001,70.056206014445,9260.76595917983,-0.164994240214676,1.0,0,4.0,7.7,33.062540689433,3.7,23.162361618998883,1.0,-0.22130217490824428
Brazil,2002,78.865700063502,9568.063847307392,-0.046962564938380136,1.0,0,3.5,12.5,34.525230666262,9.0,27.228564863486397,1.0,0.25579541114882504
Brazil,2003,73.89608026663,9733.770816475662,-0.054841670386745256,1.0,0,4.0,9.3,35.848972270609,5.300000000000001,26.49098532385116,1.0,-1.1342959124388403
Brazil,2004,70.166734883149,10445.344510285433,0.0495699903789224,0.0,0,5.5,7.6,35.33804514891,2.0999999999999996,24.795552452523175,0.0,0.3038957956479045
Brazil,2005,68.659284147081,10988.958683122646,0.21528533341458767,0.0,0,4.5,5.7,36.261123709249,1.2000000000000002,24.896627962457828,0.0,-0.43002312516921404
Brazil,2006,65.920128139519,11642.443946929974,0.11250862300887188,0.0,0,4.5,3.1,35.664887774508,-1.4,23.51033972177132,0.0,-0.6506382540382653
Brazil,2007,64.186340983913,12549.92797571619,0.06979506988583162,0.0,0,4.5,4.5,34.906081795572,0.0,22.404936685429426,0.0,0.8308639153327427
Brazil,2008,62.370834770543,13312.763415763311,0.0336909829893246,0.0,0,4.5,5.9,35.89855385952,1.4000000000000004,22.390227712735605,0.0,-0.40062895524384745
Brazil,2009,65.523269580682,13269.118571579063,-0.013471636650278507,0.0,0,4.5,4.3,33.942768678322,-0.20000000000000018,22.240411824244216,0.0,-1.834956896157643
Brazil,2010,63.076413261345,14299.551697371722,0.1215660500842266,0.0,0,4.5,5.9,36.086599743358,1.4000000000000004,22.76213278608796,0.0,0.6944303562377665
Brazil,2011,61.204663173644,15040.058182820601,0.031838300086409976,0.0,0,4.5,6.5,35.109198346866,2.0,21.488466591165924,0.0,0.7319560136596638
Brazil,2012,62.187478156142,15050.009469746814,-0.10828104916210557,0.0,0,4.5,5.8,34.703894787873,1.2999999999999998,21.581476990539024,0.0,0.7616913764991748
Brazil,2013,60.197332395015,15590.608483693379,-0.06067576834268884,0.0,0,4.5,5.9,34.493476171921,1.4000000000000004,20.76415250580658,0.0,3.0241373465209427
Brazil,2014,62.308615880905,15718.049987827017,-0.021139465906143795,0.0,0,4.5,6.4,32.495096832298,1.9000000000000004,20.24724506536469,0.0,2.18970243194292
Brazil,2015,72.579490069369,14743.741743348404,-0.17707568996932876,1.0,0,4.5,10.7,28.231359498283,6.199999999999999,20.49017676350417,1.0,-1.9290437820561737
Brazil,2016,78.314623960926,14255.3458601059,0.04909089359522145,0.0,0,4.5,6.3,30.658441989085,1.7999999999999998,24.01004355603056,0.0,-3.0841332985178624
Brazil,2017,83.692716830595,14519.849130251789,0.08524513613945395,0.0,0,4.5,2.9,30.457226539693,-1.6,25.49048036231809,0.0,-0.9147475670172432
Brazil,2018,87.106659167485,14951.803509415455,-0.10447199640424654,0.0,0,4.5,3.7,30.936405568572,-0.7999999999999998,26.947669357286863,0.0,0.4778300625861836
Brazil,2019,89.51244662111,,-0.019082073196267868,0.0,0,4.25,4.3,31.857096510177,0.04999999999999982,28.516066508707684,0.0,1.577897903067535
Chile,2000,13.219168875893,9553.566522608933,,1.0,0,3.0,4.6,22.30121645949,1.5999999999999996,2.948035465158429,1.0,0.005784681421072677
Chile,2001,14.458546813547,9972.65109521817,-0.09921416938507,0.0,0,3.0,2.7,22.861297913294,-0.2999999999999998,3.3054114609780565,0.0,-0.20635271227076327
Chile,2002,15.167617674272,10333.063660675114,-0.044508786451750604,0.0,0,3.0,2.9,22.209926243385,-0.10000000000000009,3.3687166983344383,0.0,-0.8854848038759008
Chile,2003,12.716824383065,10841.323817104858,-0.05942158922003571,0.0,0,3.0,1.1,22.052173945474,-1.9,2.8043362332939443,0.0,-1.519964273583675
Chile,2004,10.299088326831,11812.63497408887,0.05578623956306439,0.0,0,3.0,2.4,22.833283205453,-0.6000000000000001,2.3516200052450733,0.0,0.06654609829036175
Chile,2005,7.0006496566387,12746.583387932285,0.0581027825736351,0.0,0,3.0,3.7,24.67973855865,0.7000000000000002,1.72774203266546,0.0,0.462776845923848
Chile,2006,4.989191673513,15753.962990375037,0.03961022366311617,0.0,0,3.0,2.6,26.065760517608,-0.3999999999999999,1.3004707533823372,0.0,1.7568357993760275
Chile,2007,3.8786782831665,16941.835983008878,-0.02619976267221913,1.0,0,3.0,7.9,27.103683009957,4.9,1.0512646668454904,1.0,2.12692416093365
Chile,2008,4.9207581448421,16501.806921462787,0.007748491571667904,1.0,0,3.0,7.1,25.746520399205,4.1,1.266923999557313,1.0,0.015500913999342503
Chile,2009,5.8202202103341,16159.605234049137,-0.03191752672138981,0.0,0,3.0,-1.5,20.629155417748,-4.5,1.200662272845001,0.0,-3.994989229012832
Chile,2010,8.5597025200207,18161.803922492905,0.05113944462208031,0.0,0,3.0,2.9,22.988661932646,-0.10000000000000009,1.967761074767739,0.0,-0.9204484524857718
Chile,2011,11.088151874788,20342.570920491067,0.0071211951443199695,1.0,0,3.0,4.4,24.225193079563,1.4000000000000004,2.6861262006225775,1.0,0.15289209766958134
Chile,2012,11.945086453658,21507.70740279079,0.021770081822176435,0.0,0,3.0,1.5,23.780613412497,-1.5,2.8406148313329567,0.0,1.35100643867573
Chile,2013,12.731822315936,22439.278355966704,-0.01510070851359857,0.0,0,3.0,3.1,22.586582120543,0.10000000000000009,2.8756835028305043,0.0,1.7670807824384276
Chile,2014,14.956439563092,22786.65560240428,-0.09347345013170805,1.0,0,3.0,4.7,22.26200873758,1.7000000000000002,3.329603882366413,1.0,0.20771163965506037
Chile,2015,17.274423050591,22688.010028122826,-0.009750277613546743,1.0,0,3.0,4.4,22.806392536274,1.4000000000000004,3.939672729294381,1.0,0.23893641223075401
Chile,2016,21.009319726727,22700.92424642005,0.017888768961971335,0.0,0,3.0,2.7,22.607920615273,-0.2999999999999998,4.74977032562733,0.0,-1.3384213646933116
Chile,2017,23.595728220301,23723.80506882665,0.033819989954461116,0.0,0,3.0,2.3,22.810690627399,-0.7000000000000002,5.382348565614742,0.0,-0.5285583553199542
Chile,2018,25.55526787827,24763.002187919832,0.014229351984927252,0.0,0,3.0,2.1,23.893965316008,-0.8999999999999999,6.1061668432467675,0.0,1.028742424106122
Chile,2019,27.904892797906,,-0.04795242943814049,0.0,0,3.0,3.0,23.200571891731,0.0,6.474094714888647,0.0,-0.4985372758932125
Colombia,2000,37.987659186665,6658.519685112979,,,0,10.0,8.5,23.642232377138,-1.5,8.981130659546551,,1.171381855927698
Colombia,2001,41.095241007715,6811.153425786606,-0.0312504546849941,,0,8.0,7.5,24.798005206094,-0.5,10.190800004550043,,-0.21645210693350414
Colombia,2002,47.545429353445,6984.6687163734105,-0.0025011886604840994,,0,6.0,6.8,24.621741411926,0.7999999999999998,11.706512668595188,,-0.6569383916252325
Colombia,2003,45.03961474798,7284.694636390312,-0.12362262562795279,1.0,0,5.5,6.4,25.3118461392,0.9000000000000004,11.40035798669713,1.0,-0.6364678743881634
Colombia,2004,41.482142172169,7768.88472571733,0.09061718755605441,0.0,0,5.5,5.5,25.32033998114,0.0,10.503419429453043,0.0,-0.5961754359024173
Colombia,2005,38.532495443299,8275.462766744356,0.12762091198122283,0.0,0,5.0,4.8,25.868559962026,-0.20000000000000018,9.967801688614738,0.0,-0.6507913675721271
Colombia,2006,35.969176144445,8987.327600861783,-0.021180650467889417,0.0,0,4.5,4.5,27.448512670328,0.0,9.873003871420583,0.0,0.8394023499360745
Colombia,2007,32.663251224846,9739.814770442275,0.11216947662457133,1.0,0,4.0,5.7,27.342456233079,1.7000000000000002,8.930935170454159,1.0,2.3223487510416927
Colombia,2008,32.382351119247,10132.786932140305,0.03269015586289559,1.0,0,4.0,7.6,28.470550742188,3.5999999999999996,9.2194337069187,1.0,0.14245914764197776
Colombia,2009,35.386764233322,10218.790950733674,-0.051420856192453734,0.0,0,5.0,1.9,28.240169675256,-3.1,9.993282262072935,0.0,-2.022255975245705
Colombia,2010,36.497039775456,10674.565882135239,0.10604466570669957,0.0,0,3.0,3.1,27.047452429905,0.10000000000000009,9.87151947158997,0.0,-1.46481251621313
Colombia,2011,35.783448826201,11587.042744589733,0.0013114726727700976,0.0,0,3.0,3.7,28.240387873111,0.7000000000000002,10.105384742895348,0.0,0.40434915539288196
Colombia,2012,33.966577733391,14359.724742380975,0.05201889568850682,0.0,0,3.0,2.4,29.247380991593,-0.6000000000000001,9.93433439949046,0.0,-0.540545128058045
Colombia,2013,37.592258351391,14999.458875229215,-0.038386016016029534,0.0,0,3.0,2.0,28.977618802016,-1.0,10.893341324135108,0.0,1.1198611016062214
Colombia,2014,43.318893750054,14100.718506213281,-0.053459517214437646,0.0,0,3.0,3.7,29.517165544966,0.7000000000000002,12.786509580451371,0.0,1.246555618716131
Colombia,2015,50.419035390797,13896.220383718965,-0.19048089167123194,1.0,0,3.0,6.8,27.757127825676,3.8,13.994876101896345,1.0,0.8721632684944529
Colombia,2016,49.79625917077,13952.136150674729,-0.046766689460274846,1.0,0,3.0,5.8,27.719668486621,2.8,13.80335796087605,1.0,-0.044852439816969986
Colombia,2017,49.436366495298,14312.177505882275,0.033211751741546225,1.0,0,3.0,4.1,26.825001318077,1.0999999999999996,13.261305963973065,1.0,-1.0052490599200095
Colombia,2018,53.767227146421,14834.449287828063,0.010322942704997784,0.0,0,3.0,3.2,30.046820142553,0.20000000000000018,16.15534203632305,0.0,-0.5134393664638762
Colombia,2019,52.913106736727,,-0.05940813029102232,0.0,0,3.0,3.8,31.644695678385,0.7999999999999998,16.74419160081629,0.0,0.22945841338204975
South.Africa,2000,42.210173259898,7714.908383651836,,,0,,6.8,23.663753126933,,9.988511194672949,,0.1331687750906654
South.Africa,2001,42.401810840573,7989.759965136654,-0.11702882830691308,,0,,4.7,24.078722501672,,10.209814367985448,,-0.012119078969425953
South.Africa,2002,35.547313033727,8310.759384025616,-0.14287658152201466,1.0,0,4.5,12.4,23.759374917166,7.9,8.445819376661813,1.0,-0.03814425733788932
South.Africa,2003,35.427518883423,8608.736170685786,0.29855585619217173,0.0,0,4.5,0.2,23.642253890161,-4.3,8.375863961403597,0.0,-1.1481049104025791
South.Africa,2004,34.392664884673,9131.268580935957,0.06001713712709811,0.0,0,4.5,3.5,24.243074375979,-1.0,8.337839327872487,0.0,-0.8271958530327703
South.Africa,2005,33.212302669385,9790.637242971801,-0.001123795059081334,0.0,0,4.5,3.6,28.05776357386,-0.8999999999999999,9.318629360410835,0.0,-0.3086868653019645
South.Africa,2006,31.35511579863,10518.418629478212,-0.05704837317019207,0.0,0,4.5,5.8,28.504102210872,1.2999999999999998,8.937494255578768,0.0,0.9325285814764634
South.Africa,2007,27.060699634321,11233.929724147101,-0.06606184052269426,1.0,0,4.5,8.8,28.530634419231,4.300000000000001,7.720589283954305,1.0,2.1042624229271727
South.Africa,2008,26.506766599284,11661.278359529291,-0.12659546327716986,1.0,0,4.5,10.1,28.136121086092,5.6,7.457975946382337,1.0,1.5620753602697057
South.Africa,2009,30.079312447337,11409.572065480108,0.08932788985997964,1.0,0,4.5,6.3,26.506983347693,1.7999999999999998,7.973118341516166,1.0,-1.8490651009431176
South.Africa,2010,34.67617270401,11721.555056288893,0.14609527281351253,0.0,0,4.5,3.5,26.420361169556,-1.0,9.161570068178435,0.0,-0.826211196123263
South.Africa,2011,38.227988010553,12172.314737984716,-0.017196120604113907,1.0,0,4.5,6.2,26.800201913702,1.7000000000000002,10.245177974373997,1.0,-0.3287244387505925
South.Africa,2012,41.000924750396,12077.461950922678,-0.06004123265421868,0.0,0,4.5,5.7,26.941719071401,1.2000000000000002,11.046353962928213,0.0,0.030617038562264606
South.Africa,2013,44.102574677745,12460.392021080992,-0.11191179716023958,0.0,0,4.5,5.4,27.326447608275,0.9000000000000004,12.051666963214343,0.0,0.71225980030209
South.Africa,2014,46.987543061096,12521.573159047965,-0.06107046124398574,0.0,0,4.5,5.3,27.589346588184,0.7999999999999998,12.963556108397977,0.0,0.716530145016588
South.Africa,2015,49.334709175549,12549.675370031679,-0.025204831343226375,0.0,0,4.5,5.3,28.152092424645,0.7999999999999998,13.888752924530372,0.0,-0.23039552787204662
South.Africa,2016,51.464558872785,12587.971729771032,-0.06283965487941412,1.0,0,4.5,6.7,28.589228658243,2.2,14.713320414096591,1.0,-0.8237687460606576
South.Africa,2017,53.021610468332,12703.42124207877,0.1283441819800344,0.0,0,4.5,4.7,28.219731666687,0.20000000000000018,14.962556199519316,0.0,
South.Africa,2018,56.709997478405,12938.426254907828,0.017286468253910225,0.0,0,4.5,4.9,29.043609967092,0.40000000000000036,16.470630479975657,0.0,
South.Africa,2019,62.151419216661,,-0.03512350916415852,0.0,0,4.5,3.7,29.064789197706,-0.7999999999999998,18.064178978705055,0.0,
Thailand,2000,57.825583090544,7302.885108236757,,0.0,0,1.75,1.6,17.55400452867,-0.1499999999999999,10.150705474443926,0.0,-0.4750993897905473
Thailand,2001,57.469247556586,7648.847454151801,-0.0505385970485458,0.0,0,1.75,0.6,19.055671156378,-1.15,10.951150830427828,0.0,-0.667933865458578
Thailand,2002,54.901571057494,8179.379165284542,0.021879530776327538,0.0,0,1.75,1.7,18.989811889804,-0.050000000000000044,10.425705068365186,0.0,0.05429590252863101
Thailand,2003,47.501088457166,8863.727050562262,-0.020389129766145042,0.0,0,1.75,1.8,20.264062782791,0.050000000000000044,9.625650387469207,0.0,-0.31714848574494703
Thailand,2004,46.265899197282,9608.52628012974,-0.003200518565033228,0.0,0,1.75,2.9,20.437413092168,1.15,9.455552939754561,0.0,1.0247830604847166
Thailand,2005,45.461637460602,10256.332819793959,0.049848604929992435,1.0,0,1.75,5.8,21.752802678167,4.05,9.889180291068405,1.0,0.5778641360062773
Thailand,2006,39.177385154129,11024.85784560873,0.07624559637644679,1.0,0,1.75,3.6,20.60557458719,1.85,8.072725319244752,1.0,1.1605947634174174
Thailand,2007,35.985227317943,11869.676902297811,0.05430657721983412,0.0,0,1.75,3.0,20.21900070295,1.25,7.275853364373051,0.0,1.85608608071537
Thailand,2008,34.946688897869,12244.817568306087,-0.00017911822655869436,0.0,0,1.75,0.5,20.02735869264,-1.25,6.9988987367772255,0.0,-1.339246451842398
Thailand,2009,42.364117136259,12191.398718236022,-0.02480805323323687,1.0,0,1.75,3.5,19.507862616745,1.75,8.264333769738332,1.0,-1.3253742354015412
Thailand,2010,39.831361826195,13195.380465168273,0.054806144586745154,1.0,0,1.75,3.1,20.939152991534,1.35,8.340349791398443,1.0,0.5360921844150498
Thailand,2011,39.115938099962,13519.114072701423,-0.007911956674987786,1.0,0,1.75,3.5,21.20754280165,1.75,8.295529314816362,1.0,-2.0361460765472352
Thailand,2012,41.92972324831,14871.081041747011,0.003327119366677289,1.0,0,1.75,3.6,21.39081876275,1.85,8.969111107768645,1.0,2.498224305619615
Thailand,2013,42.190422332296,15407.963330744253,0.06523025137267591,0.0,0,1.75,1.7,22.151074908005,-0.050000000000000044,9.345632054830558,0.0,0.4449337199840907
Thailand,2014,43.334636562363,15478.299991729744,-0.03272585060617894,0.0,0,1.75,0.6,21.385106925081,-1.15,9.267158364456574,0.0,-0.942465775179959
Thailand,2015,42.559280631605,15822.03212339732,0.01288955735610453,0.0,0,2.5,-0.9,22.314886758042,-3.4,9.497055277979957,0.0,-0.9495039750551313
Thailand,2016,41.738199683067,16576.716691189537,-0.03603704295066257,0.0,0,2.5,1.1,21.915398626982,-1.4,9.14709284026987,0.0,-0.6785947378797322
Thailand,2017,41.78213485173,17381.654307126377,0.030129362463352516,0.0,0,2.5,0.8,21.099026959562,-1.7,8.815623896647063,0.0,0.724134117895603
Thailand,2018,41.957384714623,18481.88129837257,0.03502862104450766,0.0,0,2.5,0.4,21.424747426798,-2.1,8.989263701997928,0.0,1.4225764493168218
Thailand,2019,41.095141083283,,0.05180944687395628,0.0,0,2.5,0.9,21.024067726168,-1.6,8.639870293513708,0.0,-0.755847114776103
Mexico,2000,40.310175309803,11089.813429442649,,,0,,9.0,17.50700008463,,7.057102425601713,,2.01877956764026
Mexico,2001,39.256137562696,11129.86895781825,0.06472861773839012,,0,6.5,4.4,17.856661104066,-2.0999999999999996,7.009835447116578,,-0.33629726578695524
Mexico,2002,41.856836822529,11187.477621957874,0.0002667048763311808,,0,4.5,5.7,18.464360084205,1.2000000000000002,7.728597070769865,,-1.2556701009024624
Mexico,2003,44.224908285602,11482.449587771407,-0.10450483849365955,0.0,0,3.0,4.0,20.217536843272,1.0,8.941187126544836,0.0,-1.725532672737895
Mexico,2004,40.756891384715,12085.76006619136,-0.03825305357101216,1.0,0,3.0,5.2,20.022301208496,2.2,8.160467556267193,1.0,-0.44808949113011226
Mexico,2005,38.523884916554,12657.637194557525,0.03613227964447763,0.0,0,3.0,3.3,20.623228278823,0.2999999999999998,7.944868728211993,0.0,0.163120267811865
Mexico,2006,37.422780609586,13808.177624732965,0.0008674618616619778,1.0,0,3.0,4.1,21.287103391174,1.0999999999999996,7.966226000214788,1.0,1.9083984531473
Mexico,2007,37.205020995201,14290.067237294597,-0.013898542442696171,0.0,0,3.0,3.8,22.056257789629,0.7999999999999998,8.206035341387125,0.0,2.419726949874417
Mexico,2008,42.491122840779,14924.8217487322,-0.02116245881893597,1.0,0,3.0,6.5,27.020213371774,3.5,11.481192055641083,1.0,0.3268648460591632
Mexico,2009,43.675461329824,14558.24481274288,-0.12533977380966965,0.0,0,3.0,3.6,23.669815794323,0.6000000000000001,10.337901244090117,0.0,-3.6752049284663277
Mexico,2010,41.963057651035,15260.620553957058,0.07777109190167097,1.0,0,3.0,4.4,23.699329953656,1.4000000000000004,9.944963491361674,1.0,-0.9157813595318005
Mexico,2011,42.859030224927,16520.2585085371,-0.0020276317347250883,0.0,0,3.0,3.8,24.380589149897,0.7999999999999998,10.449284072769625,0.0,0.32647058797170003
Mexico,2012,42.650100680298,17162.927517032578,-0.031784657857229615,0.0,0,3.0,3.6,24.487579353159,0.6000000000000001,10.44397724829018,0.0,0.8178073815933338
Mexico,2013,45.898798628112,17373.89701809125,0.05844382473885168,0.0,0,3.0,4.0,24.070357763543,1.0,11.048005038954726,0.0,-0.7611616664889388
Mexico,2014,48.881785068152,18045.984463203848,-0.00999712451609125,1.0,0,3.0,4.1,23.435835718584,1.0999999999999996,11.455854844883426,1.0,-0.24934979224316778
Mexico,2015,52.833545956993,18284.882843808475,-0.10369417015571225,0.0,0,3.0,2.1,23.527115674901,-0.8999999999999999,12.430209472453724,0.0,0.3326781153971953
Mexico,2016,56.754969039902,19314.257359738232,-0.12918113468926862,0.0,0,3.0,3.4,24.600366058053,0.3999999999999999,13.96193013995054,0.0,0.7323463059778728
Mexico,2017,54.017587934569,19795.868495015595,0.023482222045428047,1.0,0,3.0,6.8,24.667491226077,3.8,13.324783764298235,1.0,0.9968222449175047
Mexico,2018,53.681467855899,20396.47771315653,0.0013999842901519788,1.0,0,3.0,4.8,23.497053221935,1.7999999999999998,12.613563072416518,1.0,0.8244960479085678
Mexico,2019,53.364517017578,,0.0328769282191721,0.0,0,3.0,2.8,23.340626685253,-0.20000000000000018,12.45561269946119,0.0,-1.6359586676210829
Norway,2000,28.70305622969,36950.32474528055,,,0,,3.0,56.441661215353,,16.200481755613904,,0.5388441597697258
Norway,2001,27.275226202546,37780.46706517039,0.03499136705596584,0.0,0,2.5,2.1,56.483705873403,-0.3999999999999999,15.40605854455143,0.0,0.18173552290040731
Norway,2002,34.012822336079,37980.353976174534,0.0852025416003881,0.0,0,2.5,2.7,55.282166985047,0.20000000000000018,18.803025240158554,0.0,-0.5401023648541949
Norway,2003,43.176780032141,38551.55411232414,-0.004992245325140532,0.0,0,2.5,0.6,54.964378374242,-1.9,23.731848746680143,0.0,-1.1326882221062655
Norway,2004,43.954470505098,42511.367268327034,-0.041491347213267527,0.0,0,2.5,1.1,55.733082074234,-1.4,24.497181121901246,0.0,-0.37433263677221795
Norway,2005,42.47653754696,47797.5299472052,0.03357220534505223,0.0,0,2.5,1.8,56.694060466696,-0.7,24.081673881032334,0.0,0.19351481323044825
Norway,2006,52.790011537158,54095.15569219029,-0.002916590957250942,0.0,0,2.5,2.2,58.573796077005,-0.2999999999999998,30.921113706802338,0.0,0.9038419949172012
Norway,2007,49.725786144254,55872.425265730424,0.0017682287759821502,0.0,0,2.5,2.8,58.249158678957,0.2999999999999998,28.96485207552533,0.0,1.8963507447352526
Norway,2008,47.819159361909,61716.59971284221,0.001504042462562083,0.0,0,2.5,2.2,58.620738593321,-0.2999999999999998,28.031944407068263,0.0,0.7374688554133909
Norway,2009,42.740709109933,55417.502239808564,-0.025355976359106802,0.0,0,2.5,2.0,56.044622132106,-0.5,23.953868917244552,0.0,-0.7839949216652465
Norway,2010,43.181519124793,57958.37435682127,0.035746690236693635,0.0,0,2.5,2.8,55.63452376037,0.2999999999999998,24.023832517571677,0.0,-1.6027628866058672
Norway,2011,29.793714503221,62076.74065766864,0.0038875860801299567,0.0,0,2.5,0.1,56.881178422327,-2.4,16.947015905215853,0.0,-0.46996078515791545
Norway,2012,31.106775454682,65354.77924838831,-0.007843503400666196,0.0,0,2.5,1.4,56.435143513002,-1.1,17.555153370117065,0.0,-0.18033468900977773
Norway,2013,31.622723831696,66961.25309882054,-0.015080187915163634,0.0,0,2.5,2.0,54.393051632492,-0.5,17.200564501374757,0.0,-0.058174346228076004
Norway,2014,29.858947393892,65892.68927878133,-0.04999324039280828,0.0,0,2.5,2.1,54.150198005995,-0.3999999999999999,16.1686791362984,0.0,0.48255283520603853
Norway,2015,34.544089376051,60385.1167632081,-0.09538633204797553,0.0,0,2.5,2.3,54.520149821498,-0.20000000000000018,18.83348928229518,0.0,0.5124794262089969
Norway,2016,38.124937866106,58933.955775946546,0.006091080161868767,0.0,0,2.5,3.5,54.755066575257,1.0,20.875335110361707,0.0,-0.8426906370992522
Norway,2017,38.613429338389,62940.587498654815,0.009758611404436346,0.0,0,2.5,1.6,54.639189022699,-0.8999999999999999,21.098064644348675,0.0,0.5472895821280922
Norway,2018,39.859552630237,67640.18138014582,0.004831247324917909,0.0,0,2.5,3.5,55.568203656901,1.0,22.149237382299734,0.0,0.352741319162667
Norway,2019,41.25,,-0.02739958934704989,0.0,0,2.0,1.4,57.847850631375,-0.6000000000000001,23.862238385442186,0.0,-0.3343938186535934
Iceland,2000,37.228289278499,29717.56828455259,,,0,,4.1,42.18583558199,,15.705064905015197,,-0.35283410616094
Iceland,2001,42.392957753526,31775.467248812038,-0.1239687133439934,1.0,0,2.5,8.7,40.552336490686,6.199999999999999,17.191334876564223,1.0,0.754010177531625
Iceland,2002,39.079702898245,32524.023250522274,0.06209858656758094,0.0,0,2.5,2.0,40.055800479832,-0.5,15.653687821032143,0.0,-0.826947813671952
Iceland,2003,38.05628619822,32619.86433633987,0.06466250404474172,0.0,0,2.5,2.8,41.203868148536,0.2999999999999998,15.680661987344074,0.0,-3.6491440214963804
Iceland,2004,32.732595738371,35608.23038967887,0.030293482824559126,0.0,0,2.5,3.9,42.259063067665,1.4,13.832488276762028,0.0,-2.0307550474800466
Iceland,2005,24.47716032302,37233.19628530911,0.12076491711373638,1.0,0,2.5,4.1,45.749050176554,1.5999999999999996,11.198068357973987,1.0,-0.26164349609829624
Iceland,2006,29.002134493801,39087.35072033708,-0.07157666565939758,1.0,0,2.5,7.0,46.526005815027,4.5,13.493534781067806,1.0,0.4631698414065686
Iceland,2007,27.053710072997,41157.233152560555,0.054150748647276314,1.0,0,2.5,5.9,45.456702512082,3.4000000000000004,12.297724506363409,1.0,7.70029534305517
Iceland,2008,66.145518464141,43318.35274699959,-0.21734751646887795,1.0,0,2.5,18.1,41.645477822202,15.600000000000001,27.54661722236437,1.0,4.551591906598805
Iceland,2009,80.920857404232,41937.095274076244,-0.1959538364608625,1.0,0,2.5,7.5,37.913270424911,5.0,30.679743497823093,1.0,-2.200261823173731
Iceland,2010,85.383438581136,39606.59611702631,0.034349267439822695,0.0,0,2.5,2.5,38.329330867886,0.0,32.726900680141846,0.0,-3.2048869542115126
Iceland,2011,92.031325116132,40767.23641448868,0.009224438941029867,1.0,0,2.5,5.3,38.818111219523,2.8,35.72482214038092,1.0,-1.4171476599050266
Iceland,2012,89.369228589005,41926.3419355085,-0.010821744275799405,1.0,0,2.5,4.2,40.22133549507,1.7000000000000002,35.94549726013972,1.0,-2.0295932812097024
Iceland,2013,81.788926992969,44157.55246012638,0.04217187423613544,1.0,0,2.5,4.1,40.620083493197,1.5999999999999996,33.22273043273395,1.0,-1.2017930689901526
Iceland,2014,78.770279133471,45714.89381167024,0.06879140301679398,0.0,0,2.5,0.8,43.740571770289,-1.7,34.45457047803286,0.0,-1.347480851819556
Iceland,2015,65.030549951437,48728.09936424384,0.02544796357194512,0.0,0,2.5,2.0,40.583613926732,-0.5,26.39174732672179,0.0,-1.2354054539348405
Iceland,2016,51.248887968218,53276.60125741108,0.12530903108370905,0.0,0,2.5,1.9,56.93847613909,-0.6000000000000001,29.18033584733277,0.0,2.058559791066239
Iceland,2017,43.234758000495,55565.4146445379,0.11975833208732811,0.0,0,2.5,1.9,43.506171103009,-0.6000000000000001,18.809787791667226,0.0,2.387543524130187
Iceland,2018,37.378474807032,58058.21699818466,-0.026154250304401994,0.0,0,2.5,3.7,43.085974847393,1.2000000000000002,16.104880253696937,0.0,1.2166688361516274
Iceland,2019,34.459169329524,,-0.06732170443281382,0.0,0,2.5,2.0,40.912214587314,-0.5,14.098009301100749,0.0,-0.7010097804549122
Peru,2000,44.908923271088,5043.267180952215,,,0,,3.7,19.619246909509,,8.8107925409567,,0.16736186738398662
Peru,2001,43.841111558855,5120.069570150186,0.03896637663416547,,0,,-0.1,18.779885458863,,8.233310534645316,,-0.7673239009089655
Peru,2002,45.462803204287,5423.643429648576,0.012675594010655322,0.0,0,2.5,1.5,18.2451961084,-1.0,8.294777600998122,0.0,0.29309964565833724
Peru,2003,49.375772657704,5697.430252347254,-0.030286659408063743,0.0,0,2.5,2.5,18.491002494941,0.0,9.130075354032442,0.0,-0.48290808442162675
Peru,2004,46.737688108684,6084.895398082187,-0.01532488236352847,0.0,0,2.5,3.5,18.525158180175,1.0,8.658230651890552,0.0,-1.042098531736275
Peru,2005,40.359213158063,6610.890519009085,-0.01565043304173741,0.0,0,2.5,1.5,19.943061749186,-1.0,8.048862801598105,0.0,-0.7477006141484085
Peru,2006,34.940233060562,7262.2578256497945,-0.019940399869127212,0.0,0,2.5,1.1,21.191192382448,-1.4,7.404252006739393,0.0,-0.4399466283219803
Peru,2007,31.869875541436,8026.6097550431305,-0.014228742601414712,1.0,0,2.0,3.9,21.941507665015,1.9,6.99273118475492,1.0,1.212350128118742
Peru,2008,27.929642628625,8857.865101256419,0.04147178618827496,1.0,0,2.0,6.7,22.221593161637,4.7,6.206411556432186,1.0,1.670517267208305
Peru,2009,28.321761748274,8951.015021810223,0.03269294992354066,0.0,0,2.0,0.2,20.010880535022,-1.8,5.667433908860669,0.0,-2.1532842078300525
Peru,2010,25.340180571277,9730.423115298749,0.02122444811328794,0.0,0,2.0,2.1,21.075459608591,0.10000000000000009,5.340559521043508,0.0,-0.17989006704692995
Peru,2011,22.972729041288,10476.794896206397,-0.01520833333333338,1.0,0,2.0,4.7,21.753661571947,2.7,4.997409729482176,1.0,0.13503350143975124
Peru,2012,21.159203200704,10770.3417511819,0.08011000634651988,0.0,0,2.0,2.6,22.355878793594,0.6000000000000001,4.730325821239648,0.0,0.9368988371780915
Peru,2013,19.947021447534,11297.30616329902,-0.009440466304194484,0.0,0,2.0,2.9,22.274469955212,0.8999999999999999,4.443093299290654,0.0,1.8930448628618826
Peru,2014,20.628195308507,11509.85785050102,-0.012448887588285107,1.0,0,2.0,3.2,22.372603814576,1.2000000000000002,4.615064410469224,1.0,-0.5896539842474158
Peru,2015,24.058320837232,11571.963754045106,-0.0002642896614687418,1.0,0,2.0,4.4,20.270050053414,2.4000000000000004,4.876633675717856,1.0,-0.4412967024078457
Peru,2016,24.487553266155,12012.59856086923,-0.0065929664343507,1.0,0,2.0,3.2,18.81114718983,1.2000000000000002,4.60638968808444,1.0,-0.523699801572176
Peru,2017,25.410254448877,12506.530170530636,0.03190948898046053,0.0,0,2.0,1.4,18.302576401075,-0.6000000000000001,4.650731234213272,0.0,
Peru,2018,26.164992855111,13093.748703831969,-0.018450501703604072,0.0,0,2.0,2.2,19.420387994483,0.20000000000000018,5.0813431311913115,0.0,
Peru,2019,26.716600097455,,0.02288958066288238,0.0,0,2.0,1.9,19.967495861914,-0.10000000000000009,5.3346360189034385,0.0,
Philippines,2000,61.134564056714,3316.0198199936676,,,0,,6.3,18.107604386115,,11.070005002565829,,0.13685003665509698
Philippines,2001,61.54461844607,3413.2514626581383,-0.05632101442489457,,0,,4.5,18.133392071919,,11.160126961992455,,-0.23675982670121204
Philippines,2002,67.54723554972,3518.905824967635,0.003544995602382306,0.0,0,5.0,2.7,17.461603672116,-2.3,11.79483056316275,0.0,-0.8338383132384167
Philippines,2003,74.056947801372,3685.9947782681356,-0.08464713298112925,0.0,0,5.0,3.9,17.551526617261,-1.1,12.998124905288892,0.0,-0.38645521595346355
Philippines,2004,73.906880644672,3959.674209374278,-0.0426324897784397,1.0,0,4.5,8.4,17.221016371763,3.9000000000000004,12.727516015678304,1.0,0.30959887336881603
Philippines,2005,67.402743068366,4198.018716812105,0.052889822484252225,1.0,0,5.5,6.7,17.838433793756,1.2000000000000002,12.023593697425929,1.0,-0.04346639926927157
Philippines,2006,59.735193760487,4470.901337336417,0.10220395569805563,0.0,0,4.5,4.4,19.047989632924,-0.09999999999999964,11.37835351470463,0.0,0.5280200756733044
Philippines,2007,52.391310672466,4811.731143384428,0.08061581312124244,0.0,0,4.5,3.9,18.692266466269,-0.6000000000000001,9.793123396068173,0.0,1.5174165170318226
Philippines,2008,52.143018149591,5024.923934179598,0.025670116851613134,1.0,0,4.0,8.1,18.664089884828,4.1,9.732019776101843,1.0,0.4488899143259668
Philippines,2009,52.065778671057,5037.5719981053035,-0.01798274974662395,0.0,0,3.5,4.4,17.39566956373,0.9000000000000004,9.057190813400087,0.0,-1.200524077141608
Philippines,2010,49.679357361758,5394.600302133482,0.04148644020071757,0.0,0,4.5,3.6,16.802414193385,-0.8999999999999999,8.347331392534482,0.0,0.06542151891763281
Philippines,2011,47.475581752463,5613.070822909011,0.00220273535192006,0.0,0,4.0,4.1,17.597711046771,0.09999999999999964,8.354615694571978,0.0,-1.0018495733670771
Philippines,2012,47.852196029299,6012.4983016610895,0.045335022242077194,0.0,0,4.0,2.7,18.612649518994,-1.2999999999999998,8.906561534075387,0.0,0.1075381453983564
Philippines,2013,45.74086709352,6333.6383711846665,0.02690467764108817,0.0,0,4.0,3.8,18.847357742448,-0.20000000000000018,8.620944855613391,0.0,-0.30520579165647277
Philippines,2014,42.064116032951,6658.212267992779,-0.011935925209941911,0.0,0,4.0,1.9,18.955396223342,-2.1,7.97341986189219,0.0,-0.6870264396911072
Philippines,2015,41.491064652178,6865.917373606604,0.04853644907419796,0.0,0,3.0,0.7,19.377254630138,-2.3,8.039829246407713,0.0,-0.5832592253766378
Philippines,2016,39.024849803536,7372.267127426333,-0.028852127127859006,0.0,0,3.0,2.2,19.123127769121,-0.7999999999999998,7.4627718896377555,0.0,-0.045394505258059326
Philippines,2017,39.914147148344,7753.439457483828,-0.044853504197417515,0.0,0,3.0,2.9,19.574384676913,-0.10000000000000009,7.812948703325954,0.0,0.8418930189429632
Philippines,2018,38.92184316498,8321.216261395075,-0.028152296012524225,1.0,0,3.0,5.1,20.22514698647,2.0999999999999996,7.871999989960532,1.0,1.221835702772745
Philippines,2019,38.576639351271,,0.04758672369667338,0.0,0,3.0,2.5,20.809854397858,-0.5,8.027742480586289,0.0,-0.35261262102798696
Guatemala,2000,19.0,4816.871484604514,,,0,,5.1,,,,,
Guatemala,2001,20.2,4921.518463007772,,,0,,8.9,,,,,
Guatemala,2002,18.4,5071.922667077533,,,0,,6.3,,,,,
Guatemala,2003,20.9,5173.283595987759,,,0,,5.9,,,,,
Guatemala,2004,21.4,5353.068346858137,,,0,,9.2,,,,,
Guatemala,2005,20.8,5569.587273531637,,1.0,0,5.0,8.6,,3.5999999999999996,,1.0,
Guatemala,2006,21.7,5910.978042692955,,0.0,0,6.0,5.8,,-0.20000000000000018,,0.0,
Guatemala,2007,21.3,6309.557363415233,,1.0,0,5.0,8.7,,3.6999999999999993,,1.0,
Guatemala,2008,20.1,6498.149435959182,,1.0,0,4.5,9.4,,4.9,,1.0,
Guatemala,2009,22.9,6439.680116030777,,0.0,0,5.5,-0.3,,-5.8,,0.0,
Guatemala,2010,24.1,6557.755145730394,,0.0,0,5.0,5.4,,0.40000000000000036,,0.0,
Guatemala,2011,23.7,6824.856707692301,,1.0,0,5.0,6.2,,1.2000000000000002,,1.0,
Guatemala,2012,24.3,7096.682789079569,,0.0,0,4.5,3.4,,-1.1,,0.0,
Guatemala,2013,24.6,7282.568436755026,,0.0,0,4.0,4.4,,0.40000000000000036,,0.0,
Guatemala,2014,24.3,7535.927248754696,,0.0,0,4.0,2.9,,-1.1,,0.0,
Guatemala,2015,24.2,8004.536651455826,,0.0,0,4.0,3.1,,-0.8999999999999999,,0.0,
Guatemala,2016,24.0,8085.242148877708,,0.0,0,4.0,4.2,,0.20000000000000018,,0.0,
Guatemala,2017,23.8,8353.161975443752,,1.0,0,4.0,5.7,,1.7000000000000002,,1.0,
Guatemala,2018,24.7,8655.419918435025,,0.0,0,4.0,2.3,,-1.7000000000000002,,0.0,
Guatemala,2019,25.2,,,0.0,0,4.0,3.4,,-0.6000000000000001,,0.0,
Indonesia,2000,87.437298742237,4743.944694153123,,,0,,9.3,13.432873024393,,11.745341316003875,,0.44130743915786574
Indonesia,2001,73.702114950111,4956.3611512930265,-0.04856169249479225,1.0,0,5.0,12.6,17.745333600197,7.6,13.078686168297864,1.0,0.19445113513578863
Indonesia,2002,62.339381035066,5190.364990163587,0.21053963754176408,0.0,0,9.5,9.9,16.352799109599,0.40000000000000036,10.1942337468318,0.0,0.029012917279063594
Indonesia,2003,55.642691628054,5465.264202424969,0.07239785890519768,0.0,0,9.0,5.2,17.098738335516,-3.8,9.514198244319022,0.0,-0.30581792129991264
Indonesia,2004,51.328172495401,5816.181492516429,-0.04536104584848455,0.0,0,5.5,6.4,17.573015192652,0.9000000000000004,9.019907550727442,0.0,-0.19622367427041537
Indonesia,2005,42.611727208196,6254.614326303316,-0.018504146072464644,1.0,0,6.0,17.1,17.85958472034,11.100000000000001,7.610277521547935,1.0,-0.24976803788742824
Indonesia,2006,35.84773408699,6708.575594130281,0.15948060595971403,0.0,0,8.0,6.6,18.867524452137,-1.4000000000000004,6.7635799943998896,0.0,-0.16181322331457196
Indonesia,2007,32.333333348848,7229.538091964397,-0.004513639626705146,0.0,0,6.0,5.8,17.782203540012,-0.20000000000000018,5.74957914736273,0.0,0.327561228662955
Indonesia,2008,30.252037460226,7710.666074951195,-0.03791341031396178,1.0,0,5.0,11.1,19.448114296579,6.1,5.883450822308647,1.0,0.06721002122292996
Indonesia,2009,26.483125740783,8021.747762506783,-0.004309900591206173,0.0,0,4.5,2.8,15.382277681895,-1.7000000000000002,4.073707940292653,0.0,-0.6199565170161803
Indonesia,2010,24.524582718246,8505.748534990295,0.12917917399855128,1.0,0,5.0,7.0,15.644106600895,2.0,3.836651863867077,1.0,-0.12279288664941015
Indonesia,2011,23.106017753941,9095.733633438218,-0.00025833548612941293,0.0,0,5.0,3.8,17.010163778596,-1.2000000000000002,3.9303714626568325,0.0,0.13632018809994206
Indonesia,2012,22.960397492741,9713.929625591887,-0.03718491597759388,0.0,0,4.5,3.7,17.24934557499,-0.7999999999999998,3.9605183089142337,0.0,0.4376772996818445
Indonesia,2013,24.846707578167,10067.571063573334,-0.03296769892733775,1.0,0,4.5,8.1,16.864417379831,3.5999999999999996,4.190252471128181,1.0,0.35723192987782476
Indonesia,2014,24.681631265084,10276.801014817118,-0.06417246349564454,1.0,0,4.5,8.4,16.460577729015,3.9000000000000004,4.06273909917802,1.0,-0.05229552594309616
Indonesia,2015,27.013303956079,10246.898359905394,0.01614831963723673,0.0,0,4.0,3.4,14.874655838179,-0.6000000000000001,4.0181359939879435,0.0,-0.367837560318346
Indonesia,2016,27.955460877551,10495.222863799614,0.04501077961569977,0.0,0,4.0,3.0,14.337500561274,-1.0,4.008114360225608,0.0,-0.38351719806377976
Indonesia,2017,29.395537141337,10933.738971760378,0.01627927927927919,0.0,0,4.0,3.6,14.053316643831,-0.3999999999999999,4.131047913627036,0.0,-0.16254589713185486
Indonesia,2018,30.069103728201,11646.470292661581,-0.06266455095871715,0.0,0,3.5,3.2,14.881157663036,-0.2999999999999998,4.4746307336554265,0.0,0.369520071617801
Indonesia,2019,30.411972245195,,0.045414136828765495,0.0,0,3.5,2.6,14.152535196769,-0.8999999999999999,4.304065076032842,0.0,0.2622762111589827
Romania,2000,29.6,5850.314464467959,,,0,,40.7,,,,,
Romania,2001,27.4,6521.483508367443,0.01469394552495551,,0,,30.2,,,,,
Romania,2002,27.4,7162.313569603163,0.007021450893857084,,0,,17.9,,,,,
Romania,2003,24.9,7551.726687150161,-0.029653972620620084,,0,,14.2,,,,,
Romania,2004,21.3,8982.168387795611,0.022092535365236143,,0,,9.2,,,,,
Romania,2005,17.8,9602.12691658258,0.17618726864510736,1.0,0,7.5,8.7,,1.1999999999999993,,1.0,
Romania,2006,12.7,11542.767351626335,0.07076888722394203,0.0,0,5.0,4.9,,-0.09999999999999964,,0.0,
Romania,2007,12.4,13685.852837823157,0.07938543442655965,1.0,0,4.0,6.6,,2.5999999999999996,,1.0,
Romania,2008,13.0,16782.18199767657,-0.05540269249150831,1.0,0,3.8,6.3,,2.5,,1.0,
Romania,2009,22.5,16647.819917291312,-0.0729756203202232,1.0,0,3.5,4.8,,1.2999999999999998,,1.0,
Romania,2010,30.9,16979.118154358148,0.013701813819129383,1.0,0,3.5,8.0,,4.5,,1.0,
Romania,2011,34.2,17907.584169286267,0.025656639138579962,0.0,0,3.0,3.1,,0.10000000000000009,,0.0,
Romania,2012,37.8,18931.53740101501,-0.05824770029160409,1.0,0,3.0,5.0,,2.0,,1.0,
Romania,2013,39.0,19797.411120653494,0.046959644050684535,0.0,0,2.5,1.6,,-0.8999999999999999,,0.0,
Romania,2014,40.5,20623.309055657177,0.007040973779609994,0.0,0,2.5,0.8,,-1.7,,0.0,
Romania,2015,39.4,21631.651970832518,-0.03441486722048159,0.0,0,2.5,-0.9,,-3.4,,0.0,
Romania,2016,38.9,24315.91052256857,-0.018458097138018825,0.0,0,2.5,-0.5,,-3.0,,0.0,
Romania,2017,36.9,27298.35471766215,-0.014894410518117573,0.0,0,2.5,3.3,,0.7999999999999998,,0.0,
Romania,2018,36.7,29061.264460308947,0.027803687743354732,0.0,0,2.5,3.3,,0.7999999999999998,,0.0,
Romania,2019,37.4,,-0.004757426432256406,1.0,0,2.5,4.0,,1.5,,1.0,
Armenia,2000,39.6,2660.791493153329,,,0,,0.4,,,,,
Armenia,2001,38.1,2997.473631596994,-0.01318855244611472,,0,,2.9,,,,,
Armenia,2002,38.2,3465.37475081896,0.008634853610737236,,0,3.0,2.8,,-0.20000000000000018,,,
Armenia,2003,33.0,4046.7344546700747,-0.07775234388624164,,0,3.0,7.4,,4.4,,,
Armenia,2004,26.4,4617.02326536458,0.05443218856845444,,0,3.0,1.7,,-1.3,,,
Armenia,2005,20.5,5456.333889130985,0.11861533965226867,,0,3.0,0.4,,-2.6,,,
Armenia,2006,16.2,6412.765067747696,0.08531671148633757,,0,3.0,5.4,,2.4000000000000004,,,
Armenia,2007,14.2,7556.033064536164,0.14382165107542844,1.0,0,4.0,6.7,,2.7,,1.0,
Armenia,2008,14.6,8305.316619536186,0.0838171156676244,0.0,0,4.0,5.3,,1.2999999999999998,,0.0,
Armenia,2009,34.1,7233.044937109056,-0.07862995179087162,1.0,0,4.0,6.7,,2.7,,1.0,
Armenia,2010,33.8,7506.308864670684,0.006669972089781817,1.0,0,4.0,8.5,,4.5,,1.0,
Armenia,2011,35.7,8025.45290497468,-0.008898104005002905,0.0,0,4.0,4.7,,0.7000000000000002,,0.0,
Armenia,2012,35.6,9735.1473133671,-0.048184190280570416,0.0,0,4.0,3.2,,-0.7999999999999998,,0.0,
Armenia,2013,36.3,10951.950537968922,0.017710964022308318,1.0,0,4.0,5.6,,1.5999999999999996,,1.0,
Armenia,2014,39.4,10036.88891345322,0.04267725744681461,0.0,0,4.0,4.6,,0.5999999999999996,,0.0,
Armenia,2015,44.1,11999.045472601463,0.02987237194872061,0.0,0,4.0,-0.1,,-4.1,,0.0,
Armenia,2016,51.9,12856.702145058582,-0.006036720583046606,0.0,0,4.0,-1.1,,-5.1,,0.0,
Armenia,2017,53.7,12115.057008938895,-0.022345281678273432,0.0,0,4.0,2.6,,-1.4,,0.0,
Armenia,2018,51.3,13024.68828869965,0.0027505938067404756,0.0,0,4.0,1.8,,-2.2,,0.0,
Armenia,2019,50.0,,0.025460271705025628,0.0,0,4.0,0.7,,-3.3,,0.0,
Turkey,2000,51.567290715865,9586.027447285409,,,0,,39.0,31.256419420569,,16.118088669974902,,0.4076388294189852
Turkey,2001,76.076251210331,9215.220832007086,-0.18862177186109008,,0,,68.5,32.611511438065,,24.809615365108158,,-3.487849210379435
Turkey,2002,72.070573908472,9329.813175890436,0.09539760589551372,0.0,0,35.0,29.7,29.900958829594,-5.300000000000001,21.549792632624325,0.0,-2.4556918070753224
Turkey,2003,65.748726296574,9604.02371045353,0.09135913591359146,0.0,0,20.0,18.4,31.130165784706,-1.6000000000000014,20.46768749745608,0.0,-2.1319920056583186
Turkey,2004,57.745655072974,10860.113525548511,0.03189003436426119,0.0,0,12.0,9.4,30.745418661923,-2.5999999999999996,17.754143411255836,0.0,0.08642479355172827
Turkey,2005,50.713004161745,11887.863952071866,0.09964033568669262,0.0,0,8.0,7.7,31.669313686216,-0.2999999999999998,16.060460367686797,0.0,1.9088716424061771
Turkey,2006,44.623505603675,13619.170510073112,-0.008768578483903,1.0,0,5.0,9.7,33.61875036677,4.699999999999999,15.001864953801121,1.0,3.748538792422405
Turkey,2007,38.110721760736,14848.244949813052,0.08236975200706942,1.0,0,4.0,8.4,31.777684054383,4.4,12.110704751971674,1.0,4.767462637171355
Turkey,2008,38.098264359905,16053.803794930647,0.011256253474152267,1.0,0,4.0,10.1,31.804009734465,6.1,12.116775705686399,1.0,-2.1280353089714055
Turkey,2009,43.803399717482,15501.595261785522,-0.06419197471485494,0.0,0,7.5,6.5,32.280198330117,-1.0,14.1398243041371,0.0,-6.015394723692175
Turkey,2010,39.985035352764,17438.89719712615,0.10135097927641845,0.0,0,6.5,6.4,32.676857160149,-0.09999999999999964,13.065852887657773,0.0,-2.5110717569328056
Turkey,2011,36.440754350966,19651.6784765047,-0.11572403563303635,1.0,0,5.5,10.4,32.684446039151,4.9,11.910458692101054,1.0,1.1246009723874686
Turkey,2012,32.68606185093,20616.86987489766,0.03663041634468578,0.0,0,5.0,6.2,32.57679536626,1.2000000000000002,10.648071482466644,0.0,-0.24710543382424527
Turkey,2013,31.396523917482,22269.037663137366,-0.013190789174644002,1.0,0,5.0,7.4,32.723529994834,2.4000000000000004,10.274050921472453,1.0,2.029901659939985
Turkey,2014,28.633688912431,23967.11802827774,-0.05662828189774305,1.0,0,5.0,8.2,31.803073111774,3.1999999999999993,9.106393019418357,1.0,-0.37110835981443924
Turkey,2015,27.505898174051,25625.574633852553,-0.022059900588849657,1.0,0,5.0,8.8,32.105175573524,3.8000000000000007,8.830816901853806,1.0,0.725434147203286
Turkey,2016,28.192552824138,26329.3601696367,-0.017934174788305057,1.0,0,5.0,8.5,32.728581147144,3.5,9.227022528499443,1.0,-1.2502611612650034
Turkey,2017,28.23512625412,27934.167283592076,-0.10826859722617643,1.0,0,5.0,11.9,31.418398589365,6.9,8.871024508729866,1.0,3.9802499280264425
Turkey,2018,30.448278167285,28139.1437269736,-0.14728620296465222,1.0,0,5.0,20.3,31.250208908221,15.3,9.515150536232808,1.0,-0.43240648207529253
Turkey,2019,33.1,,-0.009975529197812305,1.0,0,5.0,11.8,29.303482175687,6.800000000000001,9.699452600152398,1.0,-1.8689668759410725
