country,netexports,gdp,pop,gascon,diecon,gasprice,dieprice,spotgasprice,spotdieprice,gas,die,Agas,Adie,predictgas,predictdie,COSTgas,COSTdie,AREAgas,AREAdie,DWLgas,DWLdie,DWLtot,DWLgasPC,DWLdiePC,DWLtotPC,EXPgas,EXPdie,EXPtot
Afghanistan,-36.25321,456.9615678,34385068.0,,,4.845328043850219,4.58034916645216,3.574082506851597,3.7660825068515966,,,,,,,,,,,0.0,0.0,0.0,0.0,0.0,0.0,,,
Albania,-13.75079,3700.7384109999994,3204284.0,11.698725658826252,52.267526856,6.85159668700695,6.77588843632179,3.574082506851597,3.7660825068515966,37.48603944896642,167.4800000242511,118.944573198495,527.8891069353067,55.39185227586021,238.2367754340545,-122.8610258518504,-504.08229714065914,-147.16043364072598,-594.0161075714288,0.0,0.0,0.0,0.0,0.0,0.0,133.97819784569975,630.7434983388371,764.7216961845368
Algeria,1545.1315,4566.891032,35468208.0,22.47237457826403,53.44856957937202,1.097769634934815,0.6435201308238572,2.817,3.009,797.0548557957809,1895.7249831436393,842.9366562955955,1455.166258004241,452.81711351055617,751.3794329746743,1370.320910706759,4484.299285120561,1001.5079767232021,2602.4088116553635,0.36881293398355686,1.8818904734651973,2.2507034074487544,10.398409019806044,53.05851576897252,63.456924788778565,2245.3035287767148,5704.236474279211,7949.540003055925
American Samoa,-2.00315,,68420.0,,,,,3.574082506851597,3.7660825068515966,,,,,,,,,,,,,,,,,,,
Angola,1890.11576,4237.347642,19081912.0,19.794635843645676,14.678089220753586,2.3848098965825293,1.5898732643883529,2.817,3.009,377.7194992404925,280.0860068385685,636.2703187935904,369.9209397140549,341.79803074968066,191.00977939731416,163.24662943954377,397.47754057531915,155.13963175231714,323.617930511462,0.008106997687226624,0.07385961006385713,0.08196660775108376,0.4248524826666544,3.8706608679390797,4.295513350605734,1064.0358293604675,842.7787945772526,1906.8146239377202
Antigua and Barbuda,-4.55068,13006.30092,88710.0,,,3.747558408915403,3.633996032887664,3.574082506851597,3.7660825068515966,,,,,,,,,,,0.0,,,0.0,,,,,
Argentina,108.86387999999998,9124.335133,40412376.0,35.9715524406525,51.90081336250512,5.526702300016655,5.034598670563118,2.817,3.009,1453.6959025353665,2097.435184311381,4054.648484701966,5531.812649353806,2178.116480556581,2856.367943477617,-3939.0831306248697,-4248.561920933442,-4745.975905847769,-4912.333121505593,0.0,0.0,0.0,0.0,0.0,0.0,4095.0613574421277,6311.182469592945,10406.243827035072
Armenia,-46.52126,3030.7106269999995,3092072.0,19.41778806636798,,4.731765667822479,4.3532244143966805,3.574082506851597,3.7660825068515966,60.04119878195057,,152.56794341824425,,71.05007615397552,,-69.50868479436963,,-75.40512189735212,,0.0,0.0,0.0,0.0,0.0,0.0,214.59219825696894,,
Aruba,-1.2637500000000026,,107488.0,,,,,3.574082506851597,3.7660825068515966,,,,,,,,,,,,,,,,,,,
Australia,-395.08164,51628.59957,22065300.0,188.01289472022,125.95066066480544,5.261723422618596,5.943097678785034,3.574082506851597,3.7660825068515966,4148.560925870071,2779.1391127671313,11235.031183913254,8096.88567672912,5232.093999071831,3654.1309705762224,-7001.281160050556,-6050.228013407678,-7821.61139381248,-6887.341210188197,0.0,0.0,0.0,0.0,0.0,0.0,14827.299033760284,10466.46719669936,25293.766230459645
Austria,-248.73896,44916.36084,8389771.0,61.341226928444605,178.7418684718976,6.85159668700695,6.85159668700695,3.574082506851597,3.7660825068515966,514.6388467886836,1499.6033445913408,1632.9678697047154,4758.296219377497,760.4644127728413,2147.4228828962578,-1686.7361180087087,-4627.047384344976,-2020.3381572195938,-5468.2638838453795,0.0,0.0,0.0,0.0,0.0,0.0,1839.3616996537132,5647.629923281595,7486.991622935308
Azerbaijan,960.4779,5843.169752999999,9054332.0,36.10326761399848,16.445483431070308,2.876913526036067,2.15768514452705,2.817,3.009,326.8909712619901,148.90286688540968,616.252948764431,236.20870703805173,331.04490042965097,121.96706966071982,-19.585190717660485,126.76322260206041,-19.70893063089967,114.28352188242158,0.0,0.012479700719638828,0.012479700719638828,0.0,1.3783126927131486,1.3783126927131486,920.8518660450262,448.04872645819773,1368.9005925032238
"Bahamas, The",-22.833039999999997,22664.85649,342877.0,,,,,3.574082506851597,3.7660825068515966,,,,,,,,,,,,,,,,,,,
Bahrain,-1.591120000000018,18184.19751,1261835.0,171.44786966993172,106.45366663748804,1.0220613842496555,0.6435201308238572,3.574082506851597,3.7660825068515966,216.3389226249583,134.32696244151472,219.19005749192488,103.10992629371523,102.0756387487179,46.53359206078135,552.1015001798406,419.44431900596516,359.2877402558793,222.01810649385519,0.1928137599239613,0.19742621251210998,0.3902399724360713,152.80425723169932,156.45961041824802,309.2638676499473,773.2131589049845,505.88642344950006,1279.0995823544845
Bangladesh,-104.82523,674.9316307,148692131.0,0.8332286068995448,3.0523044428730373,4.3532244143966805,2.876913526036067,3.574082506851597,3.7660825068515966,123.89453717005462,453.8536520715597,299.4599800674419,855.6022526925208,139.45691284919982,386.1339797651091,-96.53142602509162,403.5525892518746,-102.27552836301498,371.2867900220707,0.0,0.03226579922980392,0.03226579922980392,0.0,0.21699735562875158,0.21699735562875158,442.80929799396716,1709.2502997374118,2152.0595977313787
Barbados,-7.971439999999999,15034.88444,273331.0,,,4.731765667822479,4.3153702890541,3.574082506851597,3.7660825068515966,,,,,,,,,,,0.0,0.0,0.0,0.0,0.0,0.0,,,
Belarus,-113.82872999999998,5817.897746,9490000.0,15.33157656462595,49.39044872609556,3.3311630301470254,3.406871280832185,3.574082506851597,3.7660825068515966,145.49666159830025,468.7153584106469,299.5094719098156,977.9634398783953,139.47996093578254,441.35568123700165,35.343972897721216,168.3678185488165,34.59947077713581,163.32254238011032,0.000744502120585409,0.0050452761687061806,0.00578977828929159,0.07845122450847303,0.5316413244158251,0.6100925489242981,520.0170730237915,1765.2207120030137,2285.237785026805
Belgium,-579.9649000000001,43006.91365,10895586.0,35.30864900127465,176.2460467012082,7.911512196599184,7.495116817830807,3.574082506851597,3.7660825068515966,384.7084217372021,1920.3039589930304,1330.7221775676824,6430.385668539592,619.71020869553,2902.0381863230446,-1668.6457303388765,-7160.879350594225,-2071.824886230628,-8658.968126672973,0.0,0.0,0.0,0.0,0.0,0.0,1374.9796403694206,7232.023147801518,8607.002788170937
Belize,0.8516699999999999,4057.151146,344700.0,,,5.450994049331496,4.58034916645216,2.817,3.009,,,,,,,,,,,0.0,0.0,0.0,0.0,0.0,0.0,,,
Benin,-34.84499,741.0730348,8849892.0,20.999330360950683,13.595946947030717,4.693911542479899,4.769619793165059,3.574082506851597,3.7660825068515966,185.84180576673458,120.32266211895156,469.96374651935395,307.2116554757087,218.85960596762436,138.64486539833058,-208.11105013118464,-120.74827782486423,-225.25677004615835,-129.36337141853997,0.0,0.0,0.0,0.0,0.0,0.0,664.2139470325983,453.1450729839987,1117.359020016597
Bermuda,-4.53796,89739.30912,64237.0,,,,,3.574082506851597,3.7660825068515966,,,,,,,,,,,,,,,,,,,
Bhutan,-1.99819,2183.442333,725940.0,,,4.504640915767,3.2554547794618656,3.574082506851597,3.7660825068515966,,,,,,,,,,,0.0,,,0.0,,,,,
Bolivia,-7.78143,1978.854327,9929849.0,23.610287099986344,30.451476823686004,2.649788773980588,2.044122768499311,3.574082506851597,3.7660825068515966,234.44658574951228,302.3785666862016,420.69821175874955,464.3604137476319,195.91690963126737,209.56622547624713,216.69750990127977,520.6837175743109,197.4731712310076,427.8619573088992,0.019224338670272175,0.09282176026541168,0.11204609893568386,1.936015207308004,9.347751437651436,11.283766644959439,837.9314409184148,1138.7826304437629,1976.7140713621775
Bosnia and Herzegovina,-28.01414,4427.347194,3760149.0,22.05073161284218,59.36238146509897,6.018805929470194,6.132368305497933,3.574082506851597,3.7660825068515966,82.91403642329692,223.21139930361042,243.40767165616484,662.6638941061956,113.35365228213679,299.06074449037834,-202.70188690788544,-528.1819642681102,-234.77047087880837,-606.3176805101876,0.0,0.0,0.0,0.0,0.0,0.0,296.34160715296167,840.6325462471939,1136.9741534001555
Botswana,-19.35723,7426.628358,2006945.0,57.6173743477997,39.304198769085325,4.656057417137319,4.731765667822479,3.574082506851597,3.7660825068515966,115.63490136044486,78.88136519862195,291.00465129675115,200.4418283865957,135.51931141337525,90.4595571864695,-125.11406202536566,-76.17440608670383,-135.1138497403077,-81.42494945075458,0.0,0.0,0.0,0.0,0.0,0.0,413.28867813387586,297.07372959110245,710.3624077249783
Brazil,-23.52496999999994,10992.94249,194946470.0,27.44516449168285,46.38448178935836,5.261723422618596,3.861120784943143,3.574082506851597,3.7660825068515966,5350.337936222915,9042.490987614696,14489.654275797218,20338.368749172783,6747.754585102847,9178.722054943766,-9029.449214350157,-859.3827731212276,-10087.41703701303,-865.8133339087344,0.0,0.0,0.0,0.0,0.0,0.0,19122.549223598795,34054.76712681892,53177.31635041772
Brunei,144.72567999999998,31007.993729999995,398920.0,187.14128299100904,99.5850913412082,1.6277273897309328,0.9842072589070756,2.817,3.009,74.65440061077332,39.72648463783477,100.00101677413929,39.348852754189735,53.71954277416926,20.317897359162696,88.78443388244705,80.43789772382742,74.52734839183351,55.09364650575785,0.014257085490613533,0.025344251218069568,0.0396013367086831,35.739209592433404,63.53216489037794,99.27137448281135,210.30144652054847,119.53699227524483,329.8384387957933
Bulgaria,-101.06994,6334.682132,7534289.0,24.497479796662365,54.09318918173379,6.397347182895992,6.359493057553411,3.574082506851597,3.7660825068515966,184.57109255971548,407.55372022685594,562.035354257501,1236.6259631735068,261.73686179771147,558.090284519913,-521.0930458427652,-1056.9541180141039,-613.2405497037416,-1225.0524914712043,0.0,0.0,0.0,0.0,0.0,0.0,659.6723131881661,1534.8809363486519,2194.553249536818
Burkina Faso,-11.65636,559.198999,16468714.0,,,5.413139923988916,4.845328043850219,3.574082506851597,3.7660825068515966,,,,,,,,,,,0.0,0.0,0.0,0.0,0.0,0.0,,,
Burma (Myanmar),-4.85523,,47963012.0,2.7420883490977994,0.6435505169317407,3.9368290356283024,3.028330027406387,3.574082506851597,3.7660825068515966,131.51881639283795,30.866621166203284,299.27871111459905,60.00825714244529,139.37249686629227,27.081774359829218,-47.70799411532284,22.771926297462464,-49.09573030186959,21.294702372159957,0.0,0.001477223925302507,0.001477223925302507,0.0,0.030799231818521053,0.030799231818521053,470.05910099146917,116.24624201965342,586.3053430111225
Burundi,-1.42918,241.7868565,8382849.0,,,5.5645564253592354,5.5645564253592354,3.574082506851597,3.7660825068515966,,,,,,,,,,,0.0,0.0,0.0,0.0,0.0,0.0,,,
Cambodia,-26.25466,795.166471,14138255.0,3.5501673640485585,9.09666160980546,5.110306921248277,4.807473918507639,3.574082506851597,3.7660825068515966,50.19317148559635,128.6109214881401,133.571200190617,329.9347138968343,62.20339432317728,148.89979980619668,-77.10797547217241,-133.93430908291862,-85.45612031246216,-143.81179841411247,0.0,0.0,0.0,0.0,0.0,0.0,179.3945361700723,484.3593416065485,663.7538777766208
Cameroon,28.81387,1144.249782,19598889.0,5.543476405966616,7.116291097378156,4.1639537876837815,3.823266659600563,2.817,3.009,108.64597875465864,139.47139930920267,255.69203361112545,311.85011744426834,137.35519477377235,161.0247372968409,-146.3411126001991,-113.56691042532073,-163.66812768588935,-121.78229105129311,0.0,0.0,0.0,0.0,0.0,0.0,306.0557221518734,419.6694405213908,725.7251626732642
Canada,1493.23472,46211.53386,34126547.0,286.33967923965855,140.51192340559726,4.996744545220538,4.656057417137319,2.817,3.009,9771.784521537133,4795.186758161515,25655.835951376263,12067.478192521907,13782.057635572368,6231.078319646504,-21299.994007891044,-7897.94791658858,-25007.636614134473,-8943.37552020062,0.0,0.0,0.0,0.0,0.0,0.0,27527.116997170106,14428.716955307998,41955.833952478104
Cape Verde,-2.64622,3344.8722100000005,495999.0,,,8.706448828793361,5.9809518041276135,3.574082506851597,3.7660825068515966,,,,,,,,,,,0.0,0.0,0.0,0.0,0.0,0.0,,,
Cayman Islands,-3.75386,,56230.0,,,,,3.574082506851597,3.7660825068515966,,,,,,,,,,,,,,,,,,,
Central African Republic,-2.31756,451.2594423,4401051.0,,,6.473055433581151,6.397347182895992,3.574082506851597,3.7660825068515966,,,,,,,,,,,0.0,0.0,0.0,0.0,0.0,0.0,,,
Chad,123.97425,760.7122667000001,11227208.0,,,3.596141907545084,4.39107853973926,2.817,3.009,,,,,,,,,,,0.0,0.0,0.0,0.0,0.0,0.0,,,
Chile,-310.85003,12639.52426,17113688.0,51.10344195003793,56.296381179460745,5.905243553442454,4.693911542479899,3.574082506851597,3.7660825068515966,874.5683612590608,963.4387030343631,2538.262014831405,2436.3800198331032,1182.055059614502,1099.540248191045,-2038.759696347923,-893.9064027233557,-2349.44216666547,-953.3418858832579,0.0,0.0,0.0,0.0,0.0,0.0,3125.779481021877,3628.3896459215052,6754.169126943382
China,-5041.13255,4433.36122,1337705000.0,15.899054379267833,15.671209438214332,5.1860151719334375,4.845328043850219,3.574082506851597,3.7660825068515966,21268.244538418476,20963.4552215465,57099.448671658036,54032.71328306747,26590.908191964187,24385.006645133035,-34282.97810042519,-22624.715487924524,-38148.34761608162,-24347.176313155254,0.0,0.0,0.0,0.0,0.0,0.0,76014.4607562035,78950.10199303304,154964.56274923653
Colombia,526.45754,6186.024868,46294841.0,19.117718648692716,23.175387670939248,4.845328043850219,4.46678679042442,2.817,3.009,885.0517451239641,1072.9008873394928,2281.1958562923287,2633.641993062466,1225.435523872034,1359.8888900293614,-1795.1752748935126,-1564.0607409981517,-2090.7854254004988,-1751.2846022608428,0.0,0.0,0.0,0.0,0.0,0.0,2493.190766014207,3228.3587700045337,5721.549536018741
Comoros,-0.87707,739.5078761,734750.0,,,,,3.574082506851597,3.7660825068515966,,,,,,,,,,,,,,,,,,,
Costa Rica,-48.42914999999999,7773.858272,4658887.0,47.59494139259483,45.08898909292832,5.943097678785034,5.148161046590857,3.574082506851597,3.7660825068515966,221.73945371972198,210.06450512818554,646.0270371285283,561.4924872900381,300.8513397842675,253.40200781756025,-525.3041300782536,-290.32564449861314,-606.3793050273121,-317.7825843238124,0.0,0.0,0.0,0.0,0.0,0.0,792.5151026184876,791.1202580736971,1583.6353606921848
Croatia,-56.90926,13461.39641,4418000.0,45.803774878103184,75.23489848513312,6.70018018563663,6.435201308238571,3.574082506851597,3.7660825068515966,202.36107741145986,332.3877815073181,633.5470489590737,1015.7394803080401,295.03947596822536,458.40403844382683,-632.6004943724031,-887.1824769724883,-753.400628319118,-1031.4871403624668,0.0,0.0,0.0,0.0,0.0,0.0,723.2551868439405,1251.7998094259212,1975.0549962698617
Cuba,-114.89894,,11257979.0,7.477785277712443,3.604900204348805,5.299577547961176,4.921036294535378,3.574082506851597,3.7660825068515966,84.18474962299585,40.583890797654554,228.96978454869702,105.58144988406879,106.63000539075828,47.6489926304074,-145.26036801153086,-46.8725183956961,-162.59793002540306,-50.66190493560117,0.0,0.0,0.0,0.0,0.0,0.0,300.88324097123103,152.8422811930223,453.72552216425333
Cyprus,-58.30942,28779.18555,1103647.0,112.2592071430349,85.1983231258157,6.70018018563663,6.73803431097921,3.574082506851597,3.7660825068515966,123.89453718578903,94.02887372283712,387.8859483269471,295.3800536555317,180.63641385095204,133.30525405036596,-387.3064251106411,-279.44928090067333,-461.26569078937786,-328.8279800417919,0.0,0.0,0.0,0.0,0.0,0.0,442.80929805020327,354.12049646653463,796.929794516738
Czech Republic,-172.12028999999998,18910.00501,10519792.0,53.390336525629735,92.28980538507167,7.305846191117907,7.078721439062429,3.574082506851597,3.7660825068515966,561.6552350596276,970.8695563714339,1852.1328137979897,3141.4762194611194,862.5283563459762,1417.7507260419757,-2095.964609273576,-3216.140290534271,-2551.5481242554956,-3832.872336991658,0.0,0.0,0.0,0.0,0.0,0.0,2007.4021505082367,3656.3748526852273,5663.777003193464
Denmark,80.43568999999998,56485.89444,5547683.0,84.2342253474355,134.20275354471673,7.646533319201126,7.154429689747587,2.817,3.009,467.304779978137,744.5143343932147,1583.7220905983331,2424.477040703119,850.7596155791806,1251.8859436736036,-2256.8640051263637,-3086.331826236295,-2941.679333095558,-3899.126634779011,0.0,0.0,0.0,0.0,0.0,0.0,1316.397565198412,2240.243632189183,3556.6411973875947
Djibouti,-8.0696,,888716.0,,,6.624471934951471,4.46678679042442,3.574082506851597,3.7660825068515966,,,,,,,,,,,0.0,0.0,0.0,0.0,0.0,0.0,,,
Dominica,-0.91586,6963.872346,67757.0,,,,,3.574082506851597,3.7660825068515966,,,,,,,,,,,,,,,,,,,
Dominican Republic,-112.74874,5195.381237,9927320.0,26.816342755787556,14.423512684337885,5.9809518041276135,5.110306921248277,3.574082506851597,3.7660825068515966,266.21441576638495,143.18682594148117,778.562982445676,381.0406002732262,362.5726214437306,171.96392713152693,-640.7433038003843,-192.47522725050698,-740.8778162434371,-210.24572465194365,0.0,0.0,0.0,0.0,0.0,0.0,951.4722864623544,539.2534003898166,1490.725686852171
Ecuador,266.76626,4008.237964,14464739.0,49.4809627083915,47.7168613556041,2.19553926986963,1.097769634934815,2.817,3.009,715.7292110456161,690.2119454079996,1147.290686473596,729.9434225472753,616.3130445525895,376.90846109185026,444.7975980720425,1319.1540283944826,411.85564265296654,941.0596102179729,0.03294195541907595,0.37809441817650963,0.4110363735955856,2.277397153109776,26.13904185734078,28.416439010450553,2016.2091875155008,2076.8477437326706,4093.056931248171
Egypt,-37.93729000000002,2698.3650740000003,81121077.0,20.18358262772458,20.78660866161092,1.7034356404160924,0.681374256166437,3.574082506851597,3.7660825068515966,1637.3139604795078,1686.2320818074065,2253.862421167461,1339.518698563604,1049.6116882531326,604.5258581524831,3062.8362295420966,5201.53401532132,2405.8495478521845,2819.3478221550304,0.656986681689912,2.3821861931662895,3.0391728748562015,8.09884072039517,29.365810727171304,37.464651447566474,5851.895184373716,6350.489145786824,12202.384330160541
El Salvador,-42.75184,3460.023288,6192993.0,22.057455772826252,17.675166804954266,4.769619793165059,4.42893266508184,3.574082506851597,3.7660825068515966,136.60166919892256,109.46218429691413,348.7757351467067,267.32745059641394,162.42299651965436,120.64509189218995,-163.31238889996908,-72.55702618143758,-177.56208654813094,-76.10318377782873,0.0,0.0,0.0,0.0,0.0,0.0,488.2256362905977,412.2436174423738,900.4692537329715
Equatorial Guinea,316.87858000000006,20703.10031,700401.0,,,,,2.817,3.009,,,,,,,,,,,,,,,,,,,
Eritrea,-3.15956,402.9574968,5253676.0,0.4837425077034142,1.9584142073836175,9.425677210302378,6.473055433581151,3.574082506851597,3.7660825068515966,2.5414264029012426,10.288873719390335,9.764838732408233,31.55247509917146,4.547433228925141,14.23965720419974,-14.871397278426883,-27.85170260492885,-19.254408432274932,-32.431815086074906,0.0,0.0,0.0,0.0,0.0,0.0,9.08326764906011,38.74874732980106,47.832014978861174
Estonia,-15.04929,14062.23424,1340161.0,65.18734140217754,95.11373133623891,6.662326060294051,6.662326060294051,3.574082506851597,3.7660825068515966,87.36153264088365,127.46771330130528,272.5811219242604,397.71843797220174,126.93957221251283,179.49064860089678,-269.79368999706145,-369.1775429209564,-320.84627777155345,-433.13719083523125,0.0,0.0,0.0,0.0,0.0,0.0,312.237325583527,480.0539252524204,792.2912508359475
Ethiopia,-42.50205,320.37867259999996,82949541.0,0.582126206958877,2.391172015870102,3.9746831609708826,3.558287782202504,3.574082506851597,3.7660825068515966,48.28710167130985,198.3466211684697,110.51281654354418,424.7852697460325,51.46522824840146,191.705931390969,-19.343844515051178,41.215381530780036,-19.962394778269793,40.51498981576585,0.0,0.0007003917150141845,0.0007003917150141845,0.0,0.008443587590366348,0.008443587590366348,172.58208538999304,746.9897402756943,919.5718256656874
Fiji,-9.35685,3687.215765,860623.0,,,5.337431673303756,4.883182169192798,3.574082506851597,3.7660825068515966,,,,,,,,,,,0.0,0.0,0.0,0.0,0.0,0.0,,,
Finland,-184.04696,43863.96693000001,5363352.0,88.43232788635811,126.45231179399318,7.873658071256605,7.381554441803067,3.574082506851597,3.7660825068515966,474.2937026339545,678.2082593649368,1635.8869536530135,2250.358813659106,761.823814572326,1015.5887293227505,-2039.261614196126,-2452.042927786217,-2529.0131773102758,-2953.600604311811,0.0,0.0,0.0,0.0,0.0,0.0,1695.16482569389,2554.188261596559,4249.353087290449
France,-1668.4360700000002,39170.2647,65075569.0,35.875488555735956,135.84866144416384,7.230137940432748,6.73803431097921,3.574082506851597,3.7660825068515966,2334.6178309175057,8840.428941367323,7650.745367979526,27771.111911178654,3562.911243677537,12533.124978364582,-8535.492206061386,-26273.328741558587,-10363.67551558677,-30915.826983757495,0.0,0.0,0.0,0.0,0.0,0.0,8344.116749666076,33293.784789148056,41637.901538814134
French Polynesia,-7.19047,,270764.0,,,6.435201308238571,5.905243553442454,3.574082506851597,3.7660825068515966,,,,,,,,,,,0.0,0.0,0.0,0.0,0.0,0.0,,,
Gabon,228.34733,8767.825851,1505463.0,12.027969552448406,25.249157472329692,3.9368290356283024,3.444725406174765,2.817,3.009,18.107663126337634,38.011672355765874,41.20503993558439,79.83801710466128,22.134933991025214,41.224598008613185,-20.27748693624884,-16.562651376598176,-22.331662276059827,-17.23739521795156,0.0,0.0,0.0,0.0,0.0,0.0,51.00928702689312,114.37712211849951,165.38640914539263
"Gambia, The",-3.39282,550.6879805,1728394.0,,,,,3.574082506851597,3.7660825068515966,,,,,,,,,,,,,,,,,,,
Georgia,-20.13097,2613.689508,4452800.0,24.970222142676025,19.25543800057611,5.072452795905698,5.1860151719334375,3.574082506851597,3.7660825068515966,111.18740515690781,85.74061432896531,294.5685679954877,230.19021612759929,137.17900837971305,103.88502832551914,-166.59990440413142,-121.74589900988198,-184.25942500118896,-133.53134715096826,0.0,0.0,0.0,0.0,0.0,0.0,397.39295975352525,322.9062277510256,720.2991875045509
Germany,-2243.71221,40163.8174,81776930.0,70.93061683545524,96.13067066790444,7.419408567145647,7.116575564405008,3.574082506851597,3.7660825068515966,5800.488087809845,7861.271126062275,19305.72481999607,25518.515941950853,8990.57290762687,11516.526618947502,-22304.768006480397,-26339.134331416742,-27257.85414149883,-31432.85140397116,0.0,0.0,0.0,0.0,0.0,0.0,20731.423005842236,29606.195669480683,50337.61867532292
Ghana,-59.32403000000001,1319.083027,24391823.0,8.843273667479515,10.428241567655972,3.4825795315173447,3.596141907545084,3.574082506851597,3.7660825068515966,215.70356603772117,254.36382251950698,456.03476424482847,548.2232318223203,212.37295333811747,247.41358223061744,19.737518082659847,43.22674044086048,19.584083739771227,42.628905176145636,0.00015343434288861958,0.0005978352647148455,0.0007512696076034651,0.0062904007990144725,0.02450965902445445,0.030800059823468923,770.9423420409274,957.9551423666195,1728.897484407547
Greece,-338.48857,25832.21209,11315508.0,103.31450833727617,67.76601582215018,7.797949820571445,7.873658071256605,3.574082506851597,3.7660825068515966,1169.0561456065152,766.8068941636669,4008.885303357367,2644.794537998842,1866.9164682600924,1193.5978866403502,-4937.938041330671,-3149.717261083976,-6109.319174771773,-3855.9679255892647,0.0,0.0,0.0,0.0,0.0,0.0,4178.3031195396,2887.8580302429896,7066.161149782589
Greenland,-4.24435,,56905.0,,,,,3.574082506851597,3.7660825068515966,,,,,,,,,,,,,,,,,,,
Grenada,-2.00411,7499.517635,104487.0,,,5.299577547961176,4.050391411656042,3.574082506851597,3.7660825068515966,,,,,,,,,,,0.0,0.0,0.0,0.0,0.0,0.0,,,
Guam,-6.57882,,179896.0,,,,,3.574082506851597,3.7660825068515966,,,,,,,,,,,,,,,,,,,
Guatemala,-55.510639999999995,2873.077445,14388929.0,20.75328903506373,17.06200364487099,4.3153702890541,3.9368290356283024,3.574082506851597,3.7660825068515966,298.61760244201054,245.5039590437899,718.0029763792395,558.6585285005492,334.3701501610837,252.12303995319104,-221.36158024086689,-41.91894880766568,-233.94756215687627,-42.477359958337,0.0,0.0,0.0,0.0,0.0,0.0,1067.2839491259545,924.588165517628,1991.8721146435823
Guinea,-9.08902,474.4691453,9981590.0,,,5.072452795905698,5.072452795905698,3.574082506851597,3.7660825068515966,,,,,,,,,,,0.0,0.0,0.0,0.0,0.0,0.0,,,
Guinea-Bissau,-2.66142,551.3316137,1515224.0,,,,,3.574082506851597,3.7660825068515966,,,,,,,,,,,,,,,,,,,
Guyana,-10.77719,2994.445312,754493.0,,,4.088245536998622,3.9746831609708826,3.574082506851597,3.7660825068515966,,,,,,,,,,,0.0,0.0,0.0,0.0,0.0,0.0,,,
Haiti,-14.11079,663.9062502,9993247.0,3.878294278528831,6.234694931647099,4.731765667822479,3.8989749102857223,3.574082506851597,3.7660825068515966,38.756752664025406,62.304846421597574,98.4830111236466,140.95876763449107,45.863012133721746,63.614804376925264,-44.8680399330556,-8.279840786560186,-48.67420568316339,-8.366077615723686,0.0,0.0,0.0,0.0,0.0,0.0,138.51983171886724,234.64519220045392,373.16502391932113
Honduras,-46.37079,2018.750027,7600524.0,19.8953218239393,17.710984729382936,4.731765667822479,4.3532244143966805,3.574082506851597,3.7660825068515966,151.21487101057443,134.6127644993085,384.2451908417563,325.36653103967035,178.94093254088526,146.83817523545662,-175.05890985732606,-79.03679532804114,-189.90919589487768,-82.48722453889481,0.0,0.0,0.0,0.0,0.0,0.0,540.4544252547147,506.96277757977936,1047.417202834494
Hong Kong,-382.09929,32374.48028,7067800.0,16.40575280288012,56.93557871685324,8.176491073997244,5.943097678785034,3.574082506851597,3.7660825068515966,115.95257966019611,402.4092832549754,409.09163123853625,1172.3997358757106,190.511787091287,529.1049368612867,-533.6611460107247,-876.0511149729416,-667.9509675163577,-997.262075580208,0.0,0.0,0.0,0.0,0.0,0.0,414.4240865878232,1515.506562261252,1929.9306488490752
Hungary,-115.61876,12863.13383,10000023.0,40.91687100232169,69.22109675237543,6.965159063034689,7.230137940432748,3.574082506851597,3.7660825068515966,409.16965111125,692.2125596089796,1311.179157556018,2268.440668939955,610.6091286848954,1023.7490850478073,-1387.525611384975,-2397.8626783066024,-1668.910745999211,-2873.1719236726854,0.0,0.0,0.0,0.0,0.0,0.0,1462.4060923712898,2606.929611766346,4069.3357041376357
Iceland,-12.74291,39522.04942,318041.0,147.8312181901669,102.44412967443684,7.532970943173386,7.797949820571445,3.574082506851597,3.7660825068515966,47.016388464418874,32.58143344578757,157.91705685935068,111.7270801697636,73.54112970580191,50.42252048509986,-186.13263660940106,-131.36401654420953,-228.327557349522,-160.43252685559693,0.0,0.0,0.0,0.0,0.0,0.0,168.04045154601872,122.7043665483301,290.74481809434883
India,-2404.8575,1397.100108,1224614327.0,3.681559442679059,7.776964083584983,4.731765667822479,3.2554547794618656,3.574082506851597,3.7660825068515966,4508.490439206911,9523.781637322596,11456.318797508673,19336.435977461402,5335.14645849173,8726.548995113084,-5219.403462868059,4863.106973622089,-5662.166612896519,4651.657664764408,0.0,0.21144930885768098,0.21144930885768098,0.0,0.17266604203110958,0.17266604203110958,16113.716811077094,35867.347423395084,51981.06423447218
Indonesia,-423.1236300000001,2951.699149,239870937.0,25.0213560898437,15.31531734482116,1.779143891101252,1.779143891101252,3.574082506851597,3.7660825068515966,6001.896130281464,3673.699521954604,8480.376217978619,5190.751952670369,3949.2658982102553,2342.5905006101225,10773.035131964763,7299.415442835183,8591.913316210805,5715.872607093459,2.1811218157539587,1.583542835741724,3.764664651495683,9.092897384871426,6.601645266186307,15.694542651057734,21451.271967179273,13835.455505062306,35286.727472241575
Iran,2512.0348,,73973630.0,74.41475550176783,64.31292998731058,1.2491861363051344,0.4693911542479899,2.817,3.009,5504.729590028237,4757.460887097218,6290.892780696021,3022.0118784783563,3379.4044772923385,1560.4248375082786,8630.391367137625,12082.0897521913,6608.3763114014955,6155.520697445452,2.0220150557361296,5.926569054745847,7.948584110481976,27.334268383694695,80.11732092565752,107.45158930935222,15506.823255109544,14315.199809275528,29822.023064385074
Iraq,1745.18282,2532.323671000001,32030823.0,51.88050241955994,38.37661641938567,2.952621776721227,2.119831019184471,2.817,3.009,1661.7751901519962,1229.234607868236,3181.9764559490063,1929.3700143837489,1709.325823334594,996.2359554668668,-225.37290379966836,1092.997283461376,-228.5569253107273,979.7608459641402,0.0,0.11323643749723566,0.11323643749723566,0.0,3.5352334686260067,3.5352334686260067,4681.220710658174,3698.7669350755223,8379.987645733696
Ireland,-161.471,45873.18513,4474356.0,101.81368733641122,142.2508983119727,7.646533319201126,7.495116817830807,3.574082506851597,3.7660825068515966,455.55068281579554,636.4811603675649,1543.886796527705,2131.339318838479,718.9798329109121,961.8751362833486,-1855.2077482995692,-2373.460085302511,-2284.2255778745725,-2869.9988119279697,0.0,0.0,0.0,0.0,0.0,0.0,1628.1757264362352,2397.040564000892,4025.216290437127
Israel,-233.32224,28522.40858,7623600.0,105.0510251620258,49.11074592265529,7.608679193858546,8.025074572626925,3.574082506851597,3.7660825068515966,800.8669954252199,374.40068261595485,2706.1132033623608,1306.189168076865,1260.2224613665635,589.4842144330479,-3231.1753264758013,-1594.569536682219,-3973.502478070451,-1961.3680249850129,0.0,0.0,0.0,0.0,0.0,0.0,2862.3647186640765,1410.0238613532442,4272.388580017321
Italy,-1350.7609200000002,33786.64289,60483385.0,50.83198619174507,105.43558518367918,8.6307405781082,8.252199324682405,3.574082506851597,3.7660825068515966,3074.4905911500005,6377.101091364763,11204.745742882615,22623.777828127513,5217.990230984161,10210.128996979061,-15546.647662741138,-28608.420454978666,-19714.007741417907,-35432.30277842662,0.0,0.0,0.0,0.0,0.0,0.0,10988.483039309041,24016.68886461306,35005.171903922106
Jamaica,-55.858630000000005,4966.207956,2701200.0,54.09892572614567,20.20886684703481,4.5424950411095795,4.504640915767,3.574082506851597,3.7660825068515966,146.1320181714647,54.58819112721042,362.34482183958033,134.67742673634103,168.742047699532,60.78003021447848,-141.5160780536617,-40.31656758448248,-151.76491759499532,-42.493976781705804,0.0,0.0,0.0,0.0,0.0,0.0,522.2878898375517,205.58363168485872,727.8715215224104
Japan,-4432.9884,43063.13637,127450459.0,106.63184581858116,50.7041728494744,7.570825068515966,6.094514180155353,3.574082506851597,3.7660825068515966,13590.2776935954,6462.270102880851,45784.055332370466,19113.867070815166,21321.38996647023,8626.103469841466,-54316.84128283062,-15046.954388991697,-66713.0203746075,-17244.448494848835,0.0,0.0,0.0,0.0,0.0,0.0,48572.773767934785,24337.44238900964,72910.21615694443
Jordan,-103.92333999999998,4369.998242,6047000.0,56.002161107776935,29.208808576784985,5.450994049331496,3.671850158230243,3.574082506851597,3.7660825068515966,338.6450682187271,176.62566546381882,936.7639732927347,385.464849733156,436.2459776906877,173.96059444517675,-635.6068373436217,16.64385128346512,-716.9328353677022,16.517434851600214,0.0,0.00012641643186490724,0.00012641643186490724,0.0,0.020905644429453817,0.020905644429453817,1210.3454143521183,665.1868289643103,1875.5322433164285
Kazakhstan,1400.12888,9070.009729,16323287.0,66.94811858807283,11.818476405402732,3.823266659600563,2.536226397952849,2.817,3.009,1092.8133538231475,192.91638226811716,2443.468513418198,337.195616475035,1312.6067669928896,174.11196123805334,-1099.6616431185064,91.20577293880287,-1201.2589955483575,86.55817514835188,0.0,0.0046475977904509875,0.0046475977904509875,0.0,0.2847219307270029,0.2847219307270029,3078.4552177198066,580.4853942447645,3658.940611964571
Kenya,-81.93814,794.7672094,40512682.0,4.328482173632777,6.652517625107167,5.1860151719334375,4.769619793165059,3.574082506851597,3.7660825068515966,175.35842184305346,269.5113310453619,470.78964082265315,688.1249194607568,219.24422053232146,310.5513255613356,-282.6659682660188,-270.46466978799157,-314.536257178738,-289.76166090024367,0.0,0.0,0.0,0.0,0.0,0.0,626.7454679383603,1015.001909248227,1641.7473771865873
Kiribati,-0.42024,1422.6184510000005,99546.0,,,,,3.574082506851597,3.7660825068515966,,,,,,,,,,,,,,,,,,,
"Korea, North",-12.3266,,24346229.0,1.591899618347572,1.8782509457030716,,4.958890419877958,3.574082506851597,3.7660825068515966,38.756752653302584,45.72832764355355,,119.51324150424215,,53.936421311931674,,-54.5451110626928,,-59.08188270903642,,0.0,,,0.0,,138.51983168054298,172.2166548059653,310.7364864865083
"Korea, South",-2221.24182,20540.17693,49410000.0,51.962680109446126,80.96857042619114,6.81374256166437,6.1702224308405125,3.574082506851597,3.7660825068515966,2567.476024207733,4000.657064758104,8119.659722742083,11920.976106423177,3781.2821535104085,5379.946034705191,-8317.749517315306,-9618.139371573267,-9948.76565966341,-11059.058274905472,0.0,0.0,0.0,0.0,0.0,0.0,9176.371144881747,15066.80458749775,24243.175732379495
Kuwait,2051.09655,45436.79018,2736732.0,292.520172649355,128.9733627690307,0.8706448828793362,0.7570825068515967,2.817,3.009,800.5493171350147,352.96552903761494,736.7034819660178,298.688306640025,395.74971823273796,154.2285970725783,1558.153259913189,794.8492493181858,1044.581974513689,492.12455258847643,0.5135712853995,0.30272469672970936,0.8162959821292094,187.65859623795828,110.61539702452026,298.27399326247854,2255.1474263693367,1062.0732768741834,3317.22070324352
Kyrgyzstan,-32.60939,880.0385141,5447900.0,16.327378278187403,29.37813594406143,3.369017155489605,2.9904759020638068,3.574082506851597,3.7660825068515966,88.94992412173715,160.04914680965226,184.35185647480571,308.8144030956739,85.85167465851421,139.3681866788773,18.240547443646538,124.13517535621692,17.917870588197676,115.6224329570253,0.00032267685544886147,0.008512742399191623,0.008835419254640485,0.059229584876532515,1.5625731748364735,1.621802759713006,317.91436778927766,602.7582920363544,920.6726598256321
Laos,-3.15988,1158.129965,6200894.0,,,5.034598670563118,4.46678679042442,3.574082506851597,3.7660825068515966,,,,,,,,,,,0.0,0.0,0.0,0.0,0.0,0.0,,,
Latvia,-29.78729,10723.35626,2239008.0,39.72738112123672,91.77799828011604,6.81374256166437,6.70018018563663,3.574082506851597,3.7660825068515966,88.94992414949799,205.49167237316607,281.30471702477166,643.3482381247269,131.002103844919,290.3435735240478,-288.16751614575463,-602.9326389197612,-344.67389080342605,-708.4334458058113,0.0,0.0,0.0,0.0,0.0,0.0,317.91436788849717,773.8985926282603,1091.8129605167574
Lebanon,-120.37085,8781.437329,4227597.0,119.85458623770106,1.8929092194333108,4.201807913026362,3.558287782202504,3.574082506851597,3.7660825068515966,506.6968892147463,8.002457337348606,1198.9745227473952,17.13831059309782,558.3560297090044,7.7345332541353145,-318.0665105898164,1.6628684189304639,-333.5812005757493,1.634610539941576,0.0,2.8257878988887875e-05,2.8257878988887875e-05,0.0,0.006684146807013032,0.006684146807013032,1810.9764880185464,30.13791459001479,1841.1144026085612
Lesotho,-3.71107,1003.699581,2171318.0,,,4.693911542479899,4.958890419877958,3.574082506851597,3.7660825068515966,,,,,,,,,,,0.0,0.0,0.0,0.0,0.0,0.0,,,
Liberia,-3.65011,323.6497223,3994122.0,,,4.42893266508184,4.61820329179474,3.574082506851597,3.7660825068515966,,,,,,,,,,,0.0,0.0,0.0,0.0,0.0,0.0,,,
Libya,1496.79631,,6355112.0,60.53527015480272,118.3662836795017,0.454249504110958,0.3785412534257983,2.817,3.009,384.7084217840286,752.2309898070054,239.6118933386902,419.97085330674855,128.71710477184035,216.85320140414854,908.9700143429043,1978.7125865820062,469.6061857989252,919.4020531945254,0.4393638285439791,1.059310533387481,1.4986743619314602,69.13549730421417,166.6863673508006,235.82186465501476,1083.7236241656085,2263.463048329279,3347.1866724948877
Lithuania,-49.043320000000016,11046.051849999998,3286820.0,26.77265235746889,80.34546831698293,6.927304937692109,6.435201308238571,3.574082506851597,3.7660825068515966,87.9968892215759,264.08109217362585,281.0644402869659,807.0019605029092,130.89020825180395,364.2006290967747,-295.073142781976,-704.8638082114313,-354.42220393808293,-819.5134290276944,0.0,0.0,0.0,0.0,0.0,0.0,314.5081424241923,994.5511816253564,1309.0593240495486
Luxembourg,-56.73257,103574.1713,506953.0,219.3248785467678,977.5674487696244,6.208076556183092,6.208076556183092,3.574082506851597,3.7660825068515966,111.18740515391958,495.5807508561074,332.52923505094566,1482.1380871333815,154.85708822216228,668.8901020833665,-292.8669635360342,-1210.2052445538484,-341.9697830051864,-1393.769821557671,0.0,0.0,0.0,0.0,0.0,0.0,397.39295974284505,1866.3979965315655,2263.7909562744107
Madagascar,-11.751410000000002,426.6254227,20713819.0,,,5.640264676044395,4.61820329179474,3.574082506851597,3.7660825068515966,,,,,,,,,,,0.0,0.0,0.0,0.0,0.0,0.0,,,
Malawi,-6.05932,362.3028381,14900841.0,,,7.305846191117907,7.192283815090168,3.574082506851597,3.7660825068515966,,,,,,,,,,,0.0,0.0,0.0,0.0,0.0,0.0,,,
Malaysia,85.95063999999996,8690.570239,28401017.0,100.94873227007588,46.54180064057338,2.3469557712399496,2.23339339521221,2.817,3.009,2867.0466613308736,1321.8344712035353,4783.411071159719,2140.7019754313346,2569.600429403344,1105.3578432153788,1347.6387367443483,1025.2235463016375,1274.3317535112442,934.6134317131863,0.07330698323310413,0.09061011458845121,0.16391709782155534,2.5811393737451067,3.190382745394336,5.771522119139442,8076.470444969072,3977.3999238514375,12053.87036882051
Maldives,-6.94007,6570.429112,315885.0,,,4.1639537876837815,4.126099662341202,3.574082506851597,3.7660825068515966,,,,,,,,,,,0.0,0.0,0.0,0.0,0.0,0.0,,,
Mali,-4.69814,613.044529,15369809.0,,,5.337431673303756,4.731765667822479,3.574082506851597,3.7660825068515966,,,,,,,,,,,0.0,0.0,0.0,0.0,0.0,0.0,,,
Malta,-46.72211,19624.85381,415995.0,55.747102569104705,68.01620867817066,7.267992065775328,6.624471934951471,3.574082506851597,3.7660825068515966,23.19051593323471,28.294402729075603,76.23582026312779,87.98148530850756,35.50261420583782,39.70611456539526,-85.66366848214878,-80.87642163518993,-104.14803355850054,-94.74743328798779,0.0,0.0,0.0,0.0,0.0,0.0,82.88481732183742,106.5590551597857,189.44387248162312
Mauritania,-5.468420000000001,1065.03555,3459773.0,,,5.413139923988916,4.807473918507639,3.574082506851597,3.7660825068515966,,,,,,,,,,,0.0,0.0,0.0,0.0,0.0,0.0,,,
Mauritius,-20.62429,7577.106246,1280924.0,,,6.245930681525672,5.223869297276017,3.574082506851597,3.7660825068515966,,,,,,,,,,,0.0,0.0,0.0,0.0,0.0,0.0,,,
Mexico,1042.02246,9127.541274,113423047.0,93.88931322365704,36.93505444046416,3.2554547794618656,3.2176006541192854,2.817,3.009,10649.211986564573,4189.2864157483245,21621.432917114817,8446.160664826186,11614.81680784418,4361.200224539292,-4669.197893011823,-873.8878866181376,-4872.722778667934,-891.4980899152956,0.0,0.0,0.0,0.0,0.0,0.0,29998.830166152402,12605.562824986708,42604.39299113911
Moldova,-15.956659999999998,1631.923845,3562062.0,6.153683661128984,19.97851522371945,5.375285798646336,5.299577547961176,3.574082506851597,3.7660825068515966,21.91980272932843,71.16470989483255,60.128113395419774,193.5572459983812,28.001341173145725,87.35253965792006,-39.48202083155767,-109.13072972572755,-44.36525166191195,-120.4150680776802,0.0,0.0,0.0,0.0,0.0,0.0,78.34318348853064,268.0121690400976,346.35535252862826
Mongolia,-11.675530000000002,2249.7659,2756001.0,32.8513362826176,11.821996234818428,4.883182169192798,4.61820329179474,3.574082506851597,3.7660825068515966,90.5383156462304,32.581433445155824,234.4521212191491,81.59320927620661,109.1831002887444,36.82308049152765,-118.52367844142131,-27.763316641858957,-129.71419951649182,-29.472309750698226,0.0,0.0,0.0,0.0,0.0,0.0,323.59141015100033,122.7043665459509,446.29577669695124
Montenegro,-2.93058,6509.717447,631490.0,28.67450494264036,,6.88945081234953,6.624471934951471,3.574082506851597,3.7660825068515966,18.10766312622796,,57.646529773208,,26.845680938169256,,-60.03357241532979,,-72.00793952278181,,0.0,0.0,0.0,0.0,0.0,0.0,64.71828201941304,,
Morocco,-245.05258,2795.490228,31951412.0,5.458456324431714,25.02781816502389,5.375285798646336,3.633996032887664,3.574082506851597,3.7660825068515966,174.40538690592336,799.6741296517623,478.41064128831715,1734.377838823756,222.79327973390315,782.7261034130281,-314.1395570016842,105.62613610587805,-352.99308925447946,104.49617740629812,0.0,0.0011299586995799301,0.0011299586995799301,0.0,0.0353649065518585,0.0353649065518585,623.3392424411453,3011.638750863278,3634.9779933044233
Mozambique,-15.1894,393.7185972,23390765.0,2.1051101392889224,4.606406502662116,5.9809518041276135,4.656057417137319,3.574082506851597,3.7660825068515966,49.240136567224454,107.74737199824143,144.00627956771768,271.15504097463736,67.06295503956774,122.37248648588462,-118.51457289733061,-95.89245772765727,-137.03587293134234,-102.03267473760603,0.0,0.0,0.0,0.0,0.0,0.0,175.98831073990056,405.7854928418086,581.7738035817092
Namibia,-20.81362,4853.65759,2283289.0,41.60043334748861,28.789378381133105,4.693911542479899,4.958890419877958,3.574082506851597,3.7660825068515966,94.98581185755393,65.73447097447902,240.20369271911687,171.80028462803426,111.86157640844596,77.53360562041593,-106.36787009081597,-78.40859713696028,-115.1312380493161,-84.93020637727668,0.0,0.0,0.0,0.0,0.0,0.0,339.48712855918046,247.5614412341295,587.04856979331
Nepal,-21.957840000000004,534.5219887,29959364.0,1.4102840753954475,4.0638937574075085,5.450994049331496,4.126099662341202,3.574082506851597,3.7660825068515966,42.25121395817566,121.75167233549924,116.87580531466114,284.96975137942303,54.428438124773756,128.60707632142513,-79.30179116188772,-43.83269075032895,-89.44846821509744,-45.03668430383183,0.0,0.0,0.0,0.0,0.0,0.0,151.00932470115964,458.52684336265116,609.5361680638108
Netherlands,-958.17204,46622.90252,16615394.0,75.808883101783,111.42833359438907,8.820011204821101,7.381554441803067,3.574082506851597,3.7660825068515966,1259.5944614360667,1851.4256654342105,4650.634665067183,6143.204548918166,2165.775717455393,2772.433117748416,-6607.7427330509045,-6693.777533026239,-8422.440394688549,-8062.968695464393,0.0,0.0,0.0,0.0,0.0,0.0,4501.894530345804,6972.621811327856,11474.516341673661
New Caledonia,-14.54925,,249992.0,,,,,3.574082506851597,3.7660825068515966,,,,,,,,,,,,,,,,,,,
New Zealand,-91.2157,32407.070710000004,4367800.0,168.01064014389226,112.6771203486894,6.70018018563663,4.693911542479899,3.574082506851597,3.7660825068515966,733.8368740204927,492.15112625900554,2297.4783090708424,1244.5702741433595,1069.9233742313806,561.675558403458,-2294.045748482327,-456.63210486027606,-2732.1121682240414,-486.99339290565644,0.0,0.0,0.0,0.0,0.0,0.0,2622.793534319302,1853.4817473313522,4476.2752816506545
Nicaragua,-27.447099999999995,1455.835573,5788163.0,11.964740712413509,16.59066755032355,4.656057417137319,4.504640915767,3.574082506851597,3.7660825068515966,69.25386949618552,96.02948806008341,174.2830054471942,236.9194522786365,81.16266452790191,106.92193797319982,-74.93094923507444,-70.92338591061595,-80.91983308633914,-74.75380209017763,0.0,0.0,0.0,0.0,0.0,0.0,247.51904349810007,361.6549751249944,609.1740186230945
Niger,-5.13643,348.7960168,15511953.0,,,4.239662038368942,4.239662038368942,3.574082506851597,3.7660825068515966,,,,,,,,,,,0.0,0.0,0.0,0.0,0.0,0.0,,,
Nigeria,2207.65356,1443.209591,158423182.0,11.58834758361229,0.6819278132741979,2.3469557712399496,4.126099662341202,2.817,3.009,1835.8628983178698,108.03317407320027,3062.973139358896,252.86048368629642,1645.3984357734341,130.56526414685294,862.9367601490143,-120.68382227882036,815.995922903347,-132.21190811799883,0.04694083724566724,0.0,0.04694083724566724,0.29630030563120013,0.0,0.29630030563120013,5171.62578456144,325.0718207862596,5496.697605347699
Norway,1839.87855,85443.05939,4889252.0,76.08552184508346,171.39055302490783,9.577093711672696,8.89571945550626,2.817,3.009,372.001289852118,837.9716041581366,1443.0609942702251,3109.839310676614,775.1978860627121,1605.7747938048574,-2514.7635802634345,-4932.903745359493,-3447.3969218454777,-6556.45986928128,0.0,0.0,0.0,0.0,0.0,0.0,1047.9276335134166,2521.456556911833,3569.3841904252495
Oman,750.4498600000001,20790.83796,2782435.0,213.2747270824279,17.35909233275973,1.1734778856199748,1.4384567630180336,2.817,3.009,593.4230652495953,48.30054607490232,653.2048013308889,60.07449494021728,350.8950648435989,31.019644453774053,975.3039309208906,75.85809598047369,730.2563844429965,59.649657506246804,0.24504754647789412,0.01620843847422689,0.261255984952121,88.06945947628395,5.825271201026039,93.89473067731,1671.67277480811,145.33634313938109,1817.0091179474912
Pakistan,-343.56997,1016.614375,173593383.0,4.1083811616335355,9.980403537298976,4.3153702890541,4.5424950411095795,3.574082506851597,3.7660825068515966,713.1877845014353,1732.532013744896,1714.8049806902686,4295.937411301348,798.5755181431559,1938.7599836576612,-528.6773910669859,-1345.159571474761,-558.7364648960211,-1421.2200539069427,0.0,0.0,0.0,0.0,0.0,0.0,2548.9919846868265,6524.858509525023,9073.850494211849
Panama,-111.10739999999998,7614.009247,3516820.0,50.49509782092563,45.02201832802047,3.9746831609708826,3.861120784943143,3.574082506851597,3.7660825068515966,177.58216991858768,158.33433449634896,406.4254238990239,356.12555047633856,189.27014857751786,160.7197452656624,-71.13953342930836,-15.047822513303943,-73.41433340992803,-15.160421858343135,0.0,0.0,0.0,0.0,0.0,0.0,634.6933270347721,596.3001673806891,1230.993494415461
Papua New Guinea,11.119219999999997,1382.2805880000003,6858266.0,,,,,2.817,3.009,,,,,,,,,,,,,,,,,,,
Paraguay,-31.28888,2840.3495959999996,6454548.0,15.30671883485053,46.006060786518766,6.5866178096088905,4.958890419877958,3.574082506851597,3.7660825068515966,98.79795144204682,296.94832763750316,306.1578632133153,776.0891120238629,142.57608124671933,350.2496358969244,-297.63231655926694,-354.20231496595846,-352.91417160427085,-383.66297584461836,0.0,0.0,0.0,0.0,0.0,0.0,353.11202996179304,1118.331902154437,1471.4439321162301
Peru,-37.95852000000001,5283.224595,29076512.0,13.73347751238012,33.67521577516724,6.1702224308405125,5.337431673303756,3.574082506851597,3.7660825068515966,399.3216236904507,979.1578155892395,1189.8804265743277,2674.558440348641,554.1209577065147,1207.0303595347364,-1036.694809774857,-1538.598817351269,-1208.5730449894138,-1701.0300395159038,0.0,0.0,0.0,0.0,0.0,0.0,1427.208429839616,3687.5891207376562,5114.797550577272
Philippines,-292.01598,2140.121591,93260798.0,9.421945747476478,13.21125976287372,4.731765667822479,3.823266659600563,3.574082506851597,3.7660825068515966,878.6981791223628,1232.092628070894,2232.819743671674,2754.8890501507517,1039.8122257640784,1243.2836278755274,-1017.2540855457356,-70.45617304448129,-1103.5479745887671,-70.77486111518002,0.0,0.0,0.0,0.0,0.0,0.0,3140.539790803588,4640.162493398605,7780.7022842021925
Poland,-516.70159,12303.20792,38183683.0,32.84633202342185,70.47057980620478,6.5866178096088905,6.54876368426631,3.574082506851597,3.7660825068515966,1254.1939296950886,2690.8262801463247,3886.5313295063224,8309.621685254093,1809.9368763151,3750.1389010749895,-3778.3034897103535,-7487.71164145603,-4480.080864724024,-8745.63227622367,0.0,0.0,0.0,0.0,0.0,0.0,4482.592584322678,10133.873782635626,14616.466366958304
Portugal,-245.40895000000003,21358.42659,10637346.0,41.21291671299696,114.77922670575424,8.138636948654664,7.154429689747587,3.574082506851597,3.7660825068515966,438.39605474533136,1220.946348081548,1542.402223379502,3975.9562067620686,718.2884751271422,1794.3522105715522,-2001.0826589567428,-4136.990118989261,-2501.810138674398,-4943.740827348759,0.0,0.0,0.0,0.0,0.0,0.0,1566.863670338044,4598.184683314258,6165.0483536523025
Puerto Rico,-176.0,25862.72675,3721978.0,,,,,3.574082506851597,3.7660825068515966,,,,,,,,,,,,,,,,,,,
Qatar,1316.1619999999998,72397.6124,1758793.0,201.39453874649467,294.9356273135836,1.0220613842496555,1.0220613842496555,2.817,3.009,354.21130498556363,518.7307167697396,358.87946265994026,525.5670789703256,192.78644624858592,271.3781271484981,635.7875494539107,1030.6860923256504,452.63430597961127,716.0053753883366,0.18315324347429948,0.3146807169373138,0.4978339604116133,104.1357587131058,178.9185634337377,283.0543221468435,997.8132461443328,1560.8607267601465,2558.6739729044793
Romania,-89.02732,7670.303763,21438001.0,19.056547966946887,40.36797091040956,6.435201308238571,6.54876368426631,3.574082506851597,3.7660825068515966,408.53429437195535,865.408600745331,1248.4346144482017,2672.494366662627,581.3893301729909,1206.0988414322526,-1168.8651506389622,-2408.1562240668377,-1377.6674774031862,-2812.7216709019062,0.0,0.0,0.0,0.0,0.0,0.0,1460.1352749637665,3259.2001925459085,4719.335467509675
Russia,7028.3742,10446.84356,142389000.0,74.42367562253415,30.113900105877132,3.747558408915403,3.785412534257983,2.817,3.009,10597.112748217014,4287.888122175739,23411.896812478546,9530.405400988833,12576.63604644087,4921.0532245538725,-9861.232378077957,-3329.1700835531706,-10712.288117453378,-3559.940726243422,0.0,0.0,0.0,0.0,0.0,0.0,29852.066611727332,12902.255359626799,42754.32197135413
Rwanda,-5.30188,529.4148635,10624005.0,,,6.54876368426631,6.54876368426631,3.574082506851597,3.7660825068515966,,,,,,,,,,,0.0,0.0,0.0,0.0,0.0,0.0,,,
Samoa,-1.14852,3388.065072,183081.0,,,3.8989749102857223,4.012537286313463,3.574082506851597,3.7660825068515966,,,,,,,,,,,0.0,0.0,0.0,0.0,0.0,0.0,,,
Sao Tome and Principe,-0.88904,1215.48708,165397.0,,,,,3.574082506851597,3.7660825068515966,,,,,,,,,,,,,,,,,,,
Saudi Arabia,8118.2353,16423.44024,27448086.0,205.35370244260244,156.54089638330376,0.6056660054812774,0.2536226397952849,2.817,3.009,5636.566085062962,4296.74798644601,4172.098202645816,1886.4821195961822,2241.209290514193,974.0906632092275,12464.330196251038,11839.162124358532,7249.025265017889,4603.215596847633,5.215304931233149,7.235946527510899,12.451251458744048,190.00614218540224,263.622990962317,453.62913314771924,15878.206661622366,12928.914691216045,28807.12135283841
Senegal,-38.70136999999999,1033.905319,12433728.0,2.9126683689531863,11.9067636646,6.510909558923731,5.7916811774147146,3.574082506851597,3.7660825068515966,36.215326253767564,148.04546076591961,111.44931400162012,424.6957197061736,51.90135011137955,191.66551738648263,-106.35814984168276,-299.880688510351,-125.73751592533745,-339.00989080943094,0.0,0.0,0.0,0.0,0.0,0.0,129.43656404351404,557.5514200093143,686.9879840528283
Serbia,-59.376850000000005,5269.644097,7291436.0,20.21587125004552,50.52486776116724,6.73803431097921,6.81374256166437,3.574082506851597,3.7660825068515966,147.40273140394692,368.39883968901427,463.0474128554312,1165.0637405468462,215.63870633092353,525.7941963122074,-466.3751379588559,-1122.7544279595832,-556.2353340859613,-1324.9763218032665,0.0,0.0,0.0,0.0,0.0,0.0,526.8295237729913,1387.4204256972223,1914.2499494702136
Seychelles,-6.31621,11249.41621,86525.0,,,,,3.574082506851597,3.7660825068515966,,,,,,,,,,,,,,,,,,,
Sierra Leone,-9.37277,431.8183924,5867536.0,,,3.9746831609708826,3.9746831609708826,3.574082506851597,3.7660825068515966,,,,,,,,,,,0.0,0.0,0.0,0.0,0.0,0.0,,,
Singapore,-1340.99353,41986.82583,5076700.0,55.567264311396045,93.34012156586348,6.359493057553411,4.769619793165059,3.574082506851597,3.7660825068515966,282.0983307296643,473.85979515341916,855.9610736813536,1209.8739303868272,398.61649903203954,546.017070764082,-785.7596667497769,-475.53597292131525,-923.2852992246692,-509.464298754822,0.0,0.0,0.0,0.0,0.0,0.0,1008.2427090729295,1784.5950852275728,2792.8377943005025
Slovakia,-65.96605,16036.06927,5430099.0,32.703302451494686,71.31762694000682,7.495116817830807,7.0030131883772695,3.574082506851597,3.7660825068515966,177.58216993855885,387.2617747293041,594.6568173300401,1245.0179070906981,276.9285028700708,561.8775755099884,-696.3057813472301,-1253.5395204033678,-853.0844767421457,-1489.805019158372,0.0,0.0,0.0,0.0,0.0,0.0,634.6933271061507,1458.459795380336,2093.1531224864866
Slovenia,-54.11354000000001,22897.93876,2048583.0,87.15058400444612,151.09156804217747,7.040867313719849,6.70018018563663,3.574082506851597,3.7660825068515966,178.53520483158024,309.52361773454805,575.8369939627814,969.0488759364263,268.16421167305,437.3325314124767,-618.9431356012337,-908.1725283240835,-746.5041753566362,-1067.0840357548263,0.0,0.0,0.0,0.0,0.0,0.0,638.0995524457177,1165.691482207502,1803.7910346532199
Solomon Islands,-1.4627399999999997,1261.038751,538148.0,,,,,3.574082506851597,3.7660825068515966,,,,,,,,,,,,,,,,,,,
Somalia,-5.39948,,9330872.0,,,,,3.574082506851597,3.7660825068515966,,,,,,,,,,,,,,,,,,,
South Africa,-383.64346,7271.729185,49991300.0,42.01073475918816,28.66521711171331,5.223869297276017,5.375285798646336,3.574082506851597,3.7660825068515966,2100.171244567003,1433.0114681967937,5663.045997923373,3930.8873861983725,2637.250266347939,1774.0126158675705,-3464.8347769158554,-2306.0067718018922,-3863.175100929112,-2554.4207868566546,0.0,0.0,0.0,0.0,0.0,0.0,7506.185306599673,5396.839422493667,12903.02472909334
Spain,-1377.35151,29956.15635,46070971.0,36.621530153573595,146.3409639746348,6.624471934951471,6.624471934951471,3.574082506851597,3.7660825068515966,1687.1894536809145,6742.070307387445,5246.31799275114,20964.47715748312,2443.1822607131403,9461.285279508056,-5146.584872709864,-19271.46249014234,-6111.510514475873,-22576.686378174876,0.0,0.0,0.0,0.0,0.0,0.0,6030.15431214546,25391.193044615422,31421.34735676088
Sri Lanka,-80.6514,2400.015575,20653000.0,9.490510404372534,20.010156445595904,4.883182169192798,3.5204336568599244,3.574082506851597,3.7660825068515966,196.00751138150594,413.26976107089223,507.5682763730971,879.409854163546,236.37183461790187,396.8783693173095,-256.5933669658686,101.51924154339784,-280.8198634644059,99.46976949319566,0.0,0.0020494720502021837,0.0020494720502021837,0.0,0.09923362466480336,0.09923362466480336,700.5470176401557,1556.4080177798262,2256.955035419982
Suriname,2.18218,8323.703586,524636.0,,,5.943097678785034,5.753827052072134,2.817,3.009,,,,,,,,,,,0.0,0.0,0.0,0.0,0.0,0.0,,,
Swaziland,-4.76122,3686.956261,1055506.0,,,4.921036294535378,5.072452795905698,3.574082506851597,3.7660825068515966,,,,,,,,,,,0.0,0.0,0.0,0.0,0.0,0.0,,,
Sweden,-323.73595,49359.86692,9378126.0,104.8751123915402,108.64476552174744,7.949366321941765,8.176491073997244,3.574082506851597,3.7660825068515966,983.5320182720253,1018.8843003034033,3411.8349132100325,3594.7198559614085,1588.8732913166964,1622.2999410707043,-4303.23172116856,-4493.696046988329,-5349.230166260812,-5552.957394834872,0.0,0.0,0.0,0.0,0.0,0.0,3515.224581434491,3837.202339878376,7352.426921312866
Switzerland,-241.11254,70572.65694,7824909.0,128.45314146480274,84.00669066490785,7.116575564405008,7.797949820571445,3.574082506851597,3.7660825068515966,1005.1341427262081,657.3447098440533,3262.771533209508,2254.14284543739,1519.455271623185,1017.2964658855147,-3560.6807225174916,-2650.3266494668965,-4306.136432056602,-3236.796594321587,0.0,0.0,0.0,0.0,0.0,0.0,3592.4323565570166,2475.614412715128,6068.046769272145
Syria,83.78573999999999,2892.755148,20446609.0,27.99761551912443,28.305385345696248,2.9904759020638068,1.362748512332874,2.817,3.009,572.4562974518692,578.749146757781,1104.5529034041506,696.8507851601079,593.354736330008,359.82097917778435,-99.30737259256979,952.7666438360767,-101.09117568213144,735.0294689696672,0.0,0.21773717486640953,0.21773717486640953,0.0,10.649060431801162,10.649060431801162,1612.6093899219156,1741.456182594163,3354.0655725160786
Tajikistan,-11.242,820.1831211,6878637.0,3.971765603542488,,5.488848174674075,3.444725406174765,3.574082506851597,3.7660825068515966,27.32033383585469,,75.88828401263797,,35.34076843070092,,-52.31203726234335,,-59.11585569889019,,0.0,,,0.0,,,97.64512724407403,,
Tanzania,-30.74937,526.5582778,44841226.0,1.7357059686776934,4.569903336385666,4.958890419877958,4.807473918507639,3.574082506851597,3.7660825068515966,77.83118361102538,204.92006830502368,203.41564021261115,525.6959776481536,94.72957689673778,237.2470144357368,-107.78123894475561,-213.40199920882117,-118.46246777098104,-229.14013221502196,0.0,0.0,0.0,0.0,0.0,0.0,278.1750718317205,771.745884546384,1049.9209563781046
Thailand,-653.5115999999999,4613.68089,69122234.0,23.03920501535811,46.61085584555632,5.905243553442454,3.671850158230243,3.574082506851597,3.7660825068515966,1592.5213202455568,3221.8464846968122,4621.978742941379,7031.302997928998,2152.4308076159828,3173.232656857402,-3712.4236676218857,303.60216115043204,-4278.152408477505,301.29618633333905,0.0,0.002305974817092988,0.002305974817092988,0.0,0.033360825940506905,0.033360825940506905,5691.802592477854,12133.739685777975,17825.54227825583
Togo,-9.77312,529.6479953,6027798.0,9.960718455860397,5.02588458730512,4.39107853973926,4.61820329179474,3.574082506851597,3.7660825068515966,60.04119878679839,30.295017063588627,145.8787649650618,75.86737003012836,67.93496148533725,34.239004668181266,-49.053421218633844,-25.815013720091056,-52.10115511137095,-27.404077487987937,0.0,0.0,0.0,0.0,0.0,0.0,214.59219827429544,114.09353380795176,328.6857320822472
Tonga,-1.20222,3544.011613,104058.0,,,,,3.574082506851597,3.7660825068515966,,,,,,,,,,,,,,,,,,,
Trinidad and Tobago,110.02844000000002,15613.73133,1341465.0,112.48686526116845,111.00018777954948,,,2.817,3.009,150.8971927075733,148.90286689969335,,,,,,,,,,,,,,,425.07739185723403,448.04872650117727,873.1261183584113
Tunisia,-3.283650000000009,4206.779922,10549100.0,14.424728736640365,38.037943993686014,3.5204336568599244,2.6119346486380084,3.574082506851597,3.7660825068515966,152.16790591569287,401.26607498379315,323.8029213725525,713.854707523496,150.79329056256054,322.16319945707755,8.163633158017944,463.12038101631794,8.126611176845104,413.03106313373786,3.7021981172840055e-05,0.05008931788258007,0.050126339863752915,0.003509491916167261,4.748207703271376,4.751717195187544,543.8606506375176,1511.2011455894644,2055.061796226982
Turkey,-532.47188,10049.77356,72752325.0,8.855408997617602,35.41867923128328,9.614947837015276,8.820011204821101,3.574082506851597,3.7660825068515966,644.2515934026,2576.7912625050712,2505.0918890761145,9513.946859043548,1166.6079092620216,4293.651813556472,-3891.837114488473,-13022.919310251453,-5062.231359079664,-16392.702055582944,0.0,0.0,0.0,0.0,0.0,0.0,2302.6083499915003,9704.40849752839,12007.01684751989
Turkmenistan,97.18112,4392.719583,5041995.0,49.96412973772382,,0.8327907575367564,0.7570825068515967,2.817,3.009,251.9188923169548,,225.72635881105063,,121.25793495475268,,499.8597944864044,,329.46969399270245,,0.17039010049370193,,,33.79418275775798,,,709.6555196568618,,
Turks and Caicos Islands,-1.06279,,38354.0,,,,,3.574082506851597,3.7660825068515966,,,,,,,,,,,,,,,,,,,
U.A.E.,2173.06185,39624.70188000001,7511690.0,168.48809642925644,161.47416771444367,1.779143891101252,2.4226640219251094,2.817,3.009,1265.6303490666814,1212.9438908789093,1788.2717861153203,2062.607655608051,960.6416595046552,1065.0336084933347,1313.5421893865102,711.1926426084485,1135.9726272257064,665.3265072756359,0.1775695621608038,0.045866135332812634,0.22343569749361644,23.639096150241,6.105967542964717,29.745063693205715,3565.2806933208417,3649.748167654638,7215.02886097548
Uganda,-22.98877,514.5119517,33424683.0,,,5.375285798646336,5.110306921248277,3.574082506851597,3.7660825068515966,,,,,,,,,,,0.0,0.0,0.0,0.0,0.0,0.0,,,
Ukraine,-200.86548,2973.981709,45870700.0,30.24373157699772,15.364663060410924,5.110306921248277,4.731765667822479,3.574082506851597,3.7660825068515966,1387.3011380489893,704.7878498451913,3691.806525678255,1790.9041621162962,1719.2545754917562,808.2364782463698,-2131.2058783911566,-680.6017586523761,-2361.942261344269,-727.5142221822659,0.0,0.0,0.0,0.0,0.0,0.0,4958.328729236205,2654.289192343525,7612.617921579729
United Kingdom,-226.05188999999996,36237.69743,62262786.0,76.47204170037178,102.10103589105805,8.214345199339823,8.592886452765622,3.574082506851597,3.7660825068515966,4761.362367373325,6357.094948063267,16845.15474385756,23106.924313036587,7844.698568791621,10428.173391369532,-22093.972158739856,-30684.4509798619,-27684.685446271153,-38381.08417626387,0.0,0.0,0.0,0.0,0.0,0.0,17017.501946010507,23941.34407829573,40958.846024306236
United States,-9440.68493,46611.9751,309349689.0,351.948066314871,113.2714061520478,3.671850158230243,3.9746831609708826,3.574082506851597,3.7660825068515966,108875.02485865672,35040.47426572868,237607.00341385344,80195.77423567095,110652.3120718257,36192.416942001946,-10644.4554742226,-7309.465852481008,-10730.710839960835,-7427.886726181084,0.0,0.0,0.0,0.0,0.0,0.0,389128.32178035774,131965.3171639443,521093.63894430205
Uruguay,-50.44367,11741.69832,3356584.0,36.343040235280725,49.55537885738566,7.457262692488227,7.116575564405008,3.574082506851597,3.7660825068515966,121.98846736509952,166.336791786639,407.25501422948025,539.946785306522,189.656484362316,243.67841531000536,-473.70319934833515,-557.3102660968412,-579.6303088131175,-665.088326734973,0.0,0.0,0.0,0.0,0.0,0.0,435.99684724723915,626.4380817934774,1062.4349290407165
Uzbekistan,4.3121599999999995,1377.082143,28562400.0,14.570154244663124,2.7216955506946756,3.861120784943143,3.2933089048044453,2.817,3.009,416.15857359776606,77.7381569971616,936.0237726035963,158.9328683095562,502.8225783302388,82.0654600906262,-434.51981652571817,-22.101650277379044,-475.96828798585597,-22.701988172860084,0.0,0.0,0.0,0.0,0.0,0.0,1172.318701824907,233.91411440445924,1406.2328162293663
Vanuatu,-0.8376499999999999,2833.3271780000005,239651.0,,,,,3.574082506851597,3.7660825068515966,,,,,,,,,,,,,,,,,,,
Venezuela,2108.36806,13657.74819,28834000.0,131.30644326645674,29.289902592846417,0.0870644882879336,0.0416395378768378,2.817,3.009,3786.089985145014,844.5450513621337,875.176329268249,125.40832350063535,470.13594232998037,64.75496149247385,10335.781500984785,2506.0695938937706,2486.8474059370856,399.2030336899108,7.8489340950477,2.10686656020386,9.95580065525156,272.21107356064715,73.06882708621279,345.2799006468599,10665.415488153505,2541.2360595486603,13206.651547702166
Vietnam,9.058400000000006,1224.246918,86932500.0,16.002223307743552,17.158150143141977,4.3532244143966805,4.012537286313463,2.817,3.009,1391.1132777004163,1491.60088731869,3362.398084105428,3433.2393512508556,1806.2465115814418,1772.7633683227475,-2137.062180394769,-1496.8771067225514,-2419.079651379797,-1627.148003453356,0.0,0.0,0.0,0.0,0.0,0.0,3918.766103282073,4488.227069941938,8406.993173224011
"Virgin Islands,  U.S.",-91.58578,,109750.0,,,,,3.574082506851597,3.7660825068515966,,,,,,,,,,,,,,,,,,,
Yemen,130.45445999999998,1290.6230769999995,24052514.0,21.81911430817147,3.089428922795222,2.19553926986963,1.779143891101252,2.817,3.009,524.8045523648947,74.308532417537,841.2446576933324,104.99420473593266,451.90818883938607,54.21407044464469,326.1454202884296,91.38880253700852,301.99091059268005,77.31141615143896,0.02415450969574954,0.014077386385569554,0.03823189608131909,1.0042405419969629,0.5852771309298294,1.5895176729267924,1478.3744240119083,223.5943740443688,1701.9687980562771
Zambia,-13.51791,1252.489909,12926409.0,3.6126591808960544,1.4371456996589078,5.602410550701815,5.602410550701815,3.574082506851597,3.7660825068515966,46.69871014986739,18.577133106382202,131.31968852316376,52.24005813767411,61.15487736836993,23.575979946735718,-94.72030340860883,-34.11371049758795,-107.63192259209337,-38.21910214425551,0.0,0.0,0.0,0.0,0.0,0.0,166.90504303917416,69.96301601939967,236.86805905857383
Zimbabwe,-13.29304,591.2851815,12571454.0,3.5630437296509863,5.183399381546075,5.753827052072134,5.299577547961176,3.574082506851597,3.7660825068515966,44.792640347295816,65.16286688873494,127.99138699774642,177.23314090624123,59.60490512947026,79.98545799644025,-97.63651346304341,-99.92693323835864,-111.74064254554948,-110.25958040353919,0.0,0.0,0.0,0.0,0.0,0.0,160.092592300965,245.40873308596377,405.5013253869288
