country,netexports,gdp,pop,gascon,diecon,gasprice,dieprice,spotgasprice,spotdieprice,gas,die,Agas,Adie,predictgas,predictdie,COSTgas,COSTdie,AREAgas,AREAdie,DWLgas,DWLdie,DWLtot
Afghanistan,-36.25321,456.9615678,34385068.0,,,4.845328043850219,4.58034916645216,4.684082506851597,4.8760825068515965,,,,,,,,,,,0.0,,
Albania,-13.75079,3700.7384109999994,3204284.0,11.698725658826252,52.267526856,6.85159668700695,6.77588843632179,4.684082506851597,4.8760825068515965,37.48603944896642,167.4800000242511,118.944573198495,527.8891069353067,47.09446965553669,204.03283921069033,-81.25152206349766,-318.17949711374047,-90.61210553649354,-349.8620934524618,0.0,0.0,0.0
Algeria,1545.1315,4566.891032,35468208.0,22.47237457826403,53.44856957937202,1.097769634934815,0.6435201308238572,3.9270000000000005,4.119,797.0548557957809,1895.7249831436393,842.9366562955955,1455.166258004241,370.9867504916692,622.3540795349737,2255.051800640076,6588.55401641,1454.7058777770733,3358.8481611147677,0.8003459228630029,3.2297058552952325,4.030051778158235
American Samoa,-2.00315,,68420.0,,,,,4.684082506851597,4.8760825068515965,,,,,,,,,,,,,
Angola,1890.11576,4237.347642,19081912.0,19.794635843645676,14.678089220753586,2.3848098965825293,1.5898732643883529,3.9270000000000005,4.119,377.7194992404925,280.0860068385685,636.2703187935904,369.9209397140549,280.0303631839648,158.2099671911044,582.5152735964906,708.3730081661301,497.22509075626596,515.9140021455637,0.08529018284022465,0.19245900602056645,0.2777491888607911
Antigua and Barbuda,-4.55068,13006.30092,88710.0,,,3.747558408915403,3.633996032887664,4.684082506851597,4.8760825068515965,,,,,,,,,,,,,
Argentina,108.86387999999998,9124.335133,40412376.0,35.9715524406525,51.90081336250512,5.526702300016655,5.034598670563118,3.9270000000000005,4.119,1453.6959025353665,2097.435184311381,4054.648484701966,5531.812649353806,1784.500477575699,2365.8782291105586,-2325.4806788106125,-1920.408866347809,-2566.0277815680647,-2036.729912049989,0.0,0.0,0.0
Armenia,-46.52126,3030.7106269999995,3092072.0,19.41778806636798,,4.731765667822479,4.3532244143966805,4.684082506851597,4.8760825068515965,60.04119878195057,,152.56794341824425,,60.407181164353084,,-2.8629541464044794,,-2.871656177942478,,0.0,,
Aruba,-1.2637500000000026,,107488.0,,,,,4.684082506851597,4.8760825068515965,,,,,,,,,,,,,
Australia,-395.08164,51628.59957,22065300.0,188.01289472022,125.95066066480544,5.261723422618596,5.943097678785034,4.684082506851597,4.8760825068515965,4148.560925870071,2779.1391127671313,11235.031183913254,8096.88567672912,4448.356246458044,3129.503056008072,-2396.378532334776,-2965.3835982361625,-2480.2812888317135,-3142.4502589186673,0.0,0.0,0.0
Austria,-248.73896,44916.36084,8389771.0,61.341226928444605,178.7418684718976,6.85159668700695,6.85159668700695,4.684082506851597,4.8760825068515965,514.6388467886836,1499.6033445913408,1632.9678697047154,4758.296219377497,646.551193722289,1839.114834328383,-1115.4869980732697,-2962.4876718485884,-1243.9967034095755,-3267.504089666684,0.0,0.0,0.0
Azerbaijan,960.4779,5843.169752999999,9054332.0,36.10326761399848,16.445483431070308,2.876913526036067,2.15768514452705,3.9270000000000005,4.119,326.8909712619901,148.90286688540968,616.252948764431,236.20870703805173,271.2204733719088,101.02313164437359,343.2637873831486,292.0454048448651,311.6143554219983,237.07193846759378,0.0316494319611503,0.05497346637727134,0.08662289833842163
"Bahamas, The",-22.833039999999997,22664.85649,342877.0,,,,,4.684082506851597,4.8760825068515965,,,,,,,,,,,,,
Bahrain,-1.591120000000018,18184.19751,1261835.0,171.44786966993172,106.45366663748804,1.0220613842496555,0.6435201308238572,4.684082506851597,4.8760825068515965,216.3389226249583,134.32696244151472,219.19005749192488,103.10992629371523,86.7852919537771,39.85270909386265,792.2377042935443,568.5472473160464,463.49452291887997,269.70748304923575,0.32874318137466435,0.2988397642668107,0.627582945641475
Bangladesh,-104.82523,674.9316307,148692131.0,0.8332286068995448,3.0523044428730373,4.3532244143966805,2.876913526036067,4.684082506851597,4.8760825068515965,123.89453717005462,453.8536520715597,299.4599800674419,855.6022526925208,118.56706502110691,330.69626661819217,40.99151023366905,907.3301430513058,40.09297783760987,767.0114256314023,0.0008985323960591742,0.14031871741990345,0.14121724981596262
Barbados,-7.971439999999999,15034.88444,273331.0,,,4.731765667822479,4.3153702890541,4.684082506851597,4.8760825068515965,,,,,,,,,,,0.0,,
Belarus,-113.82872999999998,5817.897746,9490000.0,15.33157656462595,49.39044872609556,3.3311630301470254,3.406871280832185,4.684082506851597,4.8760825068515965,145.49666159830025,468.7153584106469,299.5094719098156,977.9634398783953,118.58666063615843,377.98972295727947,196.84526727183453,688.6418663846345,176.9915062642659,615.6404560686858,0.019853761007568634,0.07300141031594864,0.09285517132351728
Belgium,-579.9649000000001,43006.91365,10895586.0,35.30864900127465,176.2460467012082,7.911512196599184,7.495116817830807,4.684082506851597,4.8760825068515965,384.7084217372021,1920.3039589930304,1330.7221775676824,6430.385668539592,526.8811642783203,2485.389124221224,-1241.619382210582,-5029.341956111962,-1439.1763148065381,-5684.8501676535525,0.0,0.0,0.0
Belize,0.8516699999999999,4057.151146,344700.0,,,5.450994049331496,4.58034916645216,3.9270000000000005,4.119,,,,,,,,,,,0.0,0.0,0.0
Benin,-34.84499,741.0730348,8849892.0,20.999330360950683,13.595946947030717,4.693911542479899,4.769619793165059,4.684082506851597,4.8760825068515965,185.84180576673458,120.32266211895156,469.96374651935395,307.2116554757087,186.07568890699167,118.73945774184523,-1.8266457301092054,12.809877127171982,-1.827794510458865,12.725104897982284,0.0,8.477222918969752e-05,8.477222918969752e-05
Bermuda,-4.53796,89739.30912,64237.0,,,,,4.684082506851597,4.8760825068515965,,,,,,,,,,,,,
Bhutan,-1.99819,2183.442333,725940.0,,,4.504640915767,3.2554547794618656,4.684082506851597,4.8760825068515965,,,,,,,,,,,,,
Bolivia,-7.78143,1978.854327,9929849.0,23.610287099986344,30.451476823686004,2.649788773980588,2.044122768499311,4.684082506851597,4.8760825068515965,234.44658574951228,302.3785666862016,420.69821175874955,464.3604137476319,166.5696772457852,179.4785540925952,476.9332200832385,856.3239265959946,397.48045085440987,642.6333127411737,0.07945276922882863,0.213690613854821,0.2931433830836496
Bosnia and Herzegovina,-28.01414,4427.347194,3760149.0,22.05073161284218,59.36238146509897,6.018805929470194,6.132368305497933,4.684082506851597,4.8760825068515965,82.91403642329692,223.21139930361042,243.40767165616484,662.6638941061956,96.3739235720015,256.12423893692664,-110.66730647802584,-280.4173110411026,-119.05021135145527,-299.8289736356935,0.0,0.0,0.0
Botswana,-19.35723,7426.628358,2006945.0,57.6173743477997,39.304198769085325,4.656057417137319,4.731765667822479,4.684082506851597,4.8760825068515965,115.63490136044486,78.88136519862195,291.00465129675115,200.4418283865957,115.21929375663429,77.47217134243877,3.2406784847281767,11.38390928376653,3.2348454450111794,11.281409432172557,5.833039716997223e-06,0.00010249985159397212,0.00010833289131096935
Brazil,-23.52496999999994,10992.94249,194946470.0,27.44516449168285,46.38448178935836,5.261723422618596,3.861120784943143,4.684082506851597,4.8760825068515965,5350.337936222915,9042.490987614696,14489.654275797218,20338.368749172783,5736.979546532047,7860.922050274942,-3090.5741051427194,9177.782223131084,-3198.7822546819693,8540.8864928237,0.0,0.6368957303073839,0.6368957303073839
Brunei,144.72567999999998,31007.993729999995,398920.0,187.14128299100904,99.5850913412082,1.6277273897309328,0.9842072589070756,3.9270000000000005,4.119,74.65440061077332,39.72648463783477,100.00101677413929,39.348852754189735,44.01167274174299,16.828949202119006,171.65081856040544,124.534295671824,128.2920655468083,75.54836803027689,0.04335875301359715,0.048985927641547106,0.09234468065514426
Bulgaria,-101.06994,6334.682132,7534289.0,24.497479796662365,54.09318918173379,6.397347182895992,6.359493057553411,4.684082506851597,4.8760825068515965,184.57109255971548,407.55372022685594,562.035354257501,1236.6259631735068,222.53017707876063,477.9646008851368,-316.21913310148085,-604.5694885622938,-346.0391233243007,-653.1005627310892,0.0,0.0,0.0
Burkina Faso,-11.65636,559.198999,16468714.0,,,5.413139923988916,4.845328043850219,4.684082506851597,4.8760825068515965,,,,,,,,,,,0.0,,
Burma (Myanmar),-4.85523,,47963012.0,2.7420883490977994,0.6435505169317407,3.9368290356283024,3.028330027406387,4.684082506851597,4.8760825068515965,131.51881639283795,30.866621166203284,299.27871111459905,60.00825714244529,118.49529406956545,23.193611915842716,98.27789208072733,57.033875791948105,93.18659747173815,49.04912402838616,0.005091294608989173,0.007984751763561945,0.013076046372551118
Burundi,-1.42918,241.7868565,8382849.0,,,5.5645564253592354,5.5645564253592354,4.684082506851597,4.8760825068515965,,,,,,,,,,,0.0,0.0,0.0
Cambodia,-26.25466,795.166471,14138255.0,3.5501673640485585,9.09666160980546,5.110306921248277,4.807473918507639,4.684082506851597,4.8760825068515965,50.19317148559635,128.6109214881401,133.571200190617,329.9347138968343,52.88568166731815,127.522079061934,-21.393555123160443,8.823813768916878,-21.954038203593864,8.786320654438585,0.0,3.7493114478293065e-05,3.7493114478293065e-05
Cameroon,28.81387,1144.249782,19598889.0,5.543476405966616,7.116291097378156,4.1639537876837815,3.823266659600563,3.9270000000000005,4.119,108.64597875465864,139.47139930920267,255.69203361112545,311.85011744426834,112.53319685119233,133.37389575063622,-25.744076182527973,41.246342807894216,-26.197426793600478,40.32681412539779,0.0,0.0009195286824964271,0.0009195286824964271
Canada,1493.23472,46211.53386,34126547.0,286.33967923965855,140.51192340559726,4.996744545220538,4.656057417137319,3.9270000000000005,4.119,9771.784521537133,4795.186758161515,25655.835951376263,12067.478192521907,11291.447749557496,5161.090178874565,-10453.313188984825,-2575.2906150292984,-11213.989231372148,-2670.3360627806146,0.0,0.0,0.0
Cape Verde,-2.64622,3344.8722100000005,495999.0,,,8.706448828793361,5.9809518041276135,4.684082506851597,4.8760825068515965,,,,,,,,,,,0.0,0.0,0.0
Cayman Islands,-3.75386,,56230.0,,,,,4.684082506851597,4.8760825068515965,,,,,,,,,,,,,
Central African Republic,-2.31756,451.2594423,4401051.0,,,6.473055433581151,6.397347182895992,4.684082506851597,4.8760825068515965,,,,,,,,,,,0.0,0.0,0.0
Chad,123.97425,760.7122667000001,11227208.0,,,3.596141907545084,4.39107853973926,3.9270000000000005,4.119,,,,,,,,,,,,0.0,
Chile,-310.85003,12639.52426,17113688.0,51.10344195003793,56.296381179460745,5.905243553442454,4.693911542479899,4.684082506851597,4.8760825068515965,874.5683612590608,963.4387030343631,2538.262014831405,2436.3800198331032,1004.9899732356309,941.677951508983,-1067.9888153503653,175.51055764478724,-1142.7080604388182,173.50834448984253,0.0,0.0020022131549447125,0.0020022131549447125
China,-5041.13255,4433.36122,1337705000.0,15.899054379267833,15.671209438214332,5.1860151719334375,4.845328043850219,4.684082506851597,4.8760825068515965,21268.244538418476,20963.4552215465,57099.448671658036,54032.71328306747,22607.742249221836,20884.022338336472,-10675.22666278068,644.7198079920886,-11002.27216909727,643.4962892572031,0.0,0.0012235187348854878,0.0012235187348854878
Colombia,526.45754,6186.024868,46294841.0,19.117718648692716,23.175387670939248,4.845328043850219,4.46678679042442,3.9270000000000005,4.119,885.0517451239641,1072.9008873394928,2281.1958562923287,2633.641993062466,1003.9822466377346,1126.371525866062,-812.767837805912,-373.1407560513147,-864.3193959033383,-382.2379899009408,0.0,0.0,0.0
Comoros,-0.87707,739.5078761,734750.0,,,,,4.684082506851597,4.8760825068515965,,,,,,,,,,,,,
Costa Rica,-48.42914999999999,7773.858272,4658887.0,47.59494139259483,45.08898909292832,5.943097678785034,5.148161046590857,4.684082506851597,4.8760825068515965,221.73945371972198,210.06450512818554,646.0270371285283,561.4924872900381,255.78553000424495,217.02078120603977,-279.1733364493622,-57.1540438063272,-299.2467652452331,-58.08666927568004,0.0,0.0,0.0
Croatia,-56.90926,13461.39641,4418000.0,45.803774878103184,75.23489848513312,6.70018018563663,6.435201308238571,4.684082506851597,4.8760825068515965,202.36107741145986,332.3877815073181,633.5470489590737,1015.7394803080401,250.84425014301902,392.5904273130578,-407.9796984456826,-518.2320394993653,-452.201292942805,-561.6974285495392,0.0,0.0,0.0
Cuba,-114.89894,,11257979.0,7.477785277712443,3.604900204348805,5.299577547961176,4.921036294535378,4.684082506851597,4.8760825068515965,84.18474962299585,40.583890797654554,228.96978454869702,105.58144988406879,90.6574405245739,40.80797028165949,-51.81529593000545,-1.824399610299548,-53.741694264165666,-1.829423895496907,0.0,0.0,0.0
Cyprus,-58.30942,28779.18555,1103647.0,112.2592071430349,85.1983231258157,6.70018018563663,6.73803431097921,4.684082506851597,4.8760825068515965,123.89453718578903,94.02887372283712,387.8859483269471,295.3800536555317,153.57811232638582,114.16646072397548,-249.7834888344152,-175.07723106832415,-276.85793444382745,-192.21173840467836,0.0,0.0,0.0
Czech Republic,-172.12028999999998,18910.00501,10519792.0,53.390336525629735,92.28980538507167,7.305846191117907,7.078721439062429,4.684082506851597,4.8760825068515965,561.6552350596276,970.8695563714339,1852.1328137979897,3141.4762194611194,733.3265423708871,1214.2025738903317,-1472.5272983573896,-2138.4750829619798,-1671.0118271309354,-2379.9080322466725,0.0,0.0,0.0
Denmark,80.43568999999998,56485.89444,5547683.0,84.2342253474355,134.20275354471673,7.646533319201126,7.154429689747587,3.9270000000000005,4.119,467.304779978137,744.5143343932147,1583.7220905983331,2424.477040703119,697.0154965795127,1036.9146265732538,-1738.1556993506315,-2259.920915059827,-2090.20428814257,-2638.8102789256136,0.0,0.0,0.0
Djibouti,-8.0696,,888716.0,,,6.624471934951471,4.46678679042442,4.684082506851597,4.8760825068515965,,,,,,,,,,,0.0,,
Dominica,-0.91586,6963.872346,67757.0,,,,,4.684082506851597,4.8760825068515965,,,,,,,,,,,,,
Dominican Republic,-112.74874,5195.381237,9927320.0,26.816342755787556,14.423512684337885,5.9809518041276135,5.110306921248277,4.684082506851597,4.8760825068515965,266.21441576638495,143.18682594148117,778.562982445676,381.0406002732262,308.26131672710875,147.274862290007,-345.2453022996969,-33.53785045546288,-370.7353726056225,-34.01061982260654,0.0,0.0,0.0
Ecuador,266.76626,4008.237964,14464739.0,49.4809627083915,47.7168613556041,2.19553926986963,1.097769634934815,3.9270000000000005,4.119,715.7292110456161,690.2119454079996,1147.290686473596,729.9434225472753,504.93668826158967,312.186504018494,1239.2570223326766,2085.289287797362,1028.6869633995116,1320.5062367849716,0.210570058933165,0.7647830510123902,0.9753531099455552
Egypt,-37.93729000000002,2698.3650740000003,81121077.0,20.18358262772458,20.78660866161092,1.7034356404160924,0.681374256166437,4.684082506851597,4.8760825068515965,1637.3139604795078,1686.2320818074065,2253.862421167461,1339.518698563604,892.3858613061003,517.7333641727047,4880.254725674351,7073.2516261275405,3477.375118684952,3438.8886744761194,1.4028796069893987,3.634362951651421,5.03724255864082
El Salvador,-42.75184,3460.023288,6192993.0,22.057455772826252,17.675166804954266,4.769619793165059,4.42893266508184,4.684082506851597,4.8760825068515965,136.60166919892256,109.46218429691413,348.7757351467067,267.32745059641394,138.0929607275426,103.32393305252698,-11.684536089164975,48.945998388137085,-11.74800881835018,47.53844718180212,0.0,0.001407551206334965,0.001407551206334965
Equatorial Guinea,316.87858000000006,20703.10031,700401.0,,,,,3.9270000000000005,4.119,,,,,,,,,,,,,
Eritrea,-3.15956,402.9574968,5253676.0,0.4837425077034142,1.9584142073836175,9.425677210302378,6.473055433581151,4.684082506851597,4.8760825068515965,2.5414264029012426,10.288873719390335,9.764838732408233,31.55247509917146,3.866253743305942,12.195252741590503,-12.050413971206503,-16.43105277640558,-14.612033503545314,-17.838478437066247,0.0,0.0,0.0
Estonia,-15.04929,14062.23424,1340161.0,65.18734140217754,95.11373133623891,6.662326060294051,6.662326060294051,4.684082506851597,4.8760825068515965,87.36153264088365,127.46771330130528,272.5811219242604,397.71843797220174,107.92475041052698,153.72096343684143,-172.82238876568059,-227.68838115650755,-191.25645031578605,-249.18841855655134,0.0,0.0,0.0
Ethiopia,-42.50205,320.37867259999996,82949541.0,0.582126206958877,2.391172015870102,3.9746831609708826,3.558287782202504,4.684082506851597,4.8760825068515965,48.28710167130985,198.3466211684697,110.51281654354418,424.7852697460325,43.75603144644928,164.18248359836582,34.254838340102765,261.3801310277814,32.57732890629301,236.98244365131572,0.001677509433809753,0.024397687376465655,0.026075196810275408
Fiji,-9.35685,3687.215765,860623.0,,,5.337431673303756,4.883182169192798,4.684082506851597,4.8760825068515965,,,,,,,,,,,0.0,0.0,0.0
Finland,-184.04696,43863.96693000001,5363352.0,88.43232788635811,126.45231179399318,7.873658071256605,7.381554441803067,4.684082506851597,4.8760825068515965,474.2937026339545,678.2082593649368,1635.8869536530135,2250.358813659106,647.706964908215,869.7794517096128,-1512.7956042724363,-1699.2317598911372,-1751.2839399937607,-1912.787050206401,0.0,0.0,0.0
France,-1668.4360700000002,39170.2647,65075569.0,35.875488555735956,135.84866144416384,7.230137940432748,6.73803431097921,4.684082506851597,4.8760825068515965,2334.6178309175057,8840.428941367323,7650.745367979526,27771.111911178654,3029.2075198190605,10733.72937011561,-5944.066413742955,-16460.452616640858,-6726.377506299224,-18071.408789516798,0.0,0.0,0.0
French Polynesia,-7.19047,,270764.0,,,6.435201308238571,5.905243553442454,4.684082506851597,4.8760825068515965,,,,,,,,,,,0.0,0.0,0.0
Gabon,228.34733,8767.825851,1505463.0,12.027969552448406,25.249157472329692,3.9368290356283024,3.444725406174765,3.9270000000000005,4.119,18.107663126337634,38.011672355765874,41.20503993558439,79.83801710466128,18.134842939160702,34.14559358682171,-0.17798086601406213,25.63030493830194,-0.17811435264469871,24.26481622255229,0.0,0.001365488715749649,0.001365488715749649
"Gambia, The",-3.39282,550.6879805,1728394.0,,,,,4.684082506851597,4.8760825068515965,,,,,,,,,,,,,
Georgia,-20.13097,2613.689508,4452800.0,24.970222142676025,19.25543800057611,5.072452795905698,5.1860151719334375,4.684082506851597,4.8760825068515965,111.18740515690781,85.74061432896531,294.5685679954877,230.19021612759929,116.63037761115714,88.97013167728103,-43.1818846799637,-26.573817104730505,-44.216381554348395,-27.06606014258617,0.0,0.0,0.0
Germany,-2243.71221,40163.8174,81776930.0,70.93061683545524,96.13067066790444,7.419408567145647,7.116575564405008,4.684082506851597,4.8760825068515965,5800.488087809845,7861.271126062275,19305.72481999607,25518.515941950853,7643.8365136355005,9863.085242100993,-15866.226229011467,-17613.123381487618,-18079.575283922713,-19630.28147075657,0.0,0.0,0.0
Ghana,-59.32403000000001,1319.083027,24391823.0,8.843273667479515,10.428241567655972,3.4825795315173447,3.596141907545084,4.684082506851597,4.8760825068515965,215.70356603772117,254.36382251950698,456.03476424482847,548.2232318223203,180.5606997366539,211.8921209785003,259.16847638453044,325.5705834375132,236.39097775769136,296.1876562929707,0.022777498626839077,0.02938292714454252,0.052160425771381594
Greece,-338.48857,25832.21209,11315508.0,103.31450833727617,67.76601582215018,7.797949820571445,7.873658071256605,4.684082506851597,4.8760825068515965,1169.0561456065152,766.8068941636669,4008.885303357367,2644.794537998842,1587.2630603871835,1022.2316233226636,-3640.285719707438,-2298.5616085623055,-4203.425064847334,-2632.723887232035,0.0,0.0,0.0
Greenland,-4.24435,,56905.0,,,,,4.684082506851597,4.8760825068515965,,,,,,,,,,,,,
Grenada,-2.00411,7499.517635,104487.0,,,5.299577547961176,4.050391411656042,4.684082506851597,4.8760825068515965,,,,,,,,,,,0.0,,
Guam,-6.57882,,179896.0,,,,,4.684082506851597,4.8760825068515965,,,,,,,,,,,,,
Guatemala,-55.510639999999995,2873.077445,14388929.0,20.75328903506373,17.06200364487099,4.3153702890541,3.9368290356283024,4.684082506851597,4.8760825068515965,298.61760244201054,245.5039590437899,718.0029763792395,558.6585285005492,284.28341431977975,215.925436273877,110.10395846976492,230.59044573094107,107.40359659125926,215.90782068514275,0.0027003618785056602,0.014682625045798318,0.017382986924303977
Guinea,-9.08902,474.4691453,9981590.0,,,5.072452795905698,5.072452795905698,4.684082506851597,4.8760825068515965,,,,,,,,,,,0.0,0.0,0.0
Guinea-Bissau,-2.66142,551.3316137,1515224.0,,,,,4.684082506851597,4.8760825068515965,,,,,,,,,,,,,
Guyana,-10.77719,2994.445312,754493.0,,,4.088245536998622,3.9746831609708826,4.684082506851597,4.8760825068515965,,,,,,,,,,,,,
Haiti,-14.11079,663.9062502,9993247.0,3.878294278528831,6.234694931647099,4.731765667822479,3.8989749102857223,4.684082506851597,4.8760825068515965,38.756752664025406,62.304846421597574,98.4830111236466,140.95876763449107,38.992995260141406,54.4815515119727,-1.848044475987387,60.87853874141312,-1.853661660368025,56.82876821662532,0.0,0.004049770524787796,0.004049770524787796
Honduras,-46.37079,2018.750027,7600524.0,19.8953218239393,17.710984729382936,4.731765667822479,4.3532244143966805,4.684082506851597,4.8760825068515965,151.21487101057443,134.6127644993085,384.2451908417563,325.36653103967035,152.13660441813218,125.75644437439158,-7.210403035588394,70.38337326619127,-7.232319263166181,67.9980640750155,0.0,0.0023853091911757644,0.0023853091911757644
Hong Kong,-382.09929,32374.48028,7067800.0,16.40575280288012,56.93557871685324,8.176491073997244,5.943097678785034,4.684082506851597,4.8760825068515965,115.95257966019611,402.4092832549754,409.09163123853625,1172.3997358757106,161.97421114409468,453.1407139452488,-404.95378258790697,-429.376810559919,-473.46165904351744,-455.0154220588064,0.0,0.0,0.0
Hungary,-115.61876,12863.13383,10000023.0,40.91687100232169,69.22109675237543,6.965159063034689,7.230137940432748,4.684082506851597,4.8760825068515965,409.16965111125,692.2125596089796,1311.179157556018,2268.440668939955,519.1433739935885,876.7682154910191,-933.3472986514874,-1629.506737140635,-1045.5532677124509,-1823.9953298842493,0.0,0.0,0.0
Iceland,-12.74291,39522.04942,318041.0,147.8312181901669,102.44412967443684,7.532970943173386,7.797949820571445,4.684082506851597,4.8760825068515965,47.016388464418874,32.58143344578757,157.91705685935068,111.7270801697636,62.525089143356176,43.18329945488145,-133.9444454138961,-95.19862541938534,-153.25102964922098,-108.75763008114532,0.0,0.0,0.0
India,-2404.8575,1397.100108,1224614327.0,3.681559442679059,7.776964083584983,4.731765667822479,3.2554547794618656,4.684082506851597,4.8760825068515965,4508.490439206911,9523.781637322596,11456.318797508673,19336.435977461402,4535.972036934036,7473.668012590164,-214.9790753483861,15434.504591050169,-215.63251043607016,13594.95352108558,0.0,1.8395510699645892,1.8395510699645892
Indonesia,-423.1236300000001,2951.699149,239870937.0,25.0213560898437,15.31531734482116,1.779143891101252,1.779143891101252,4.684082506851597,4.8760825068515965,6001.896130281464,3673.699521954604,8480.376217978619,5190.751952670369,3357.6884571156074,2006.262005841242,17435.139836577193,11377.221912204794,12623.632325545586,8116.647521540881,4.811507511031606,3.260574390663913,8.072081901695519
Iran,2512.0348,,73973630.0,74.41475550176783,64.31292998731058,1.2491861363051344,0.4693911542479899,3.9270000000000005,4.119,5504.729590028237,4757.460887097218,6290.892780696021,3022.0118784783563,2768.6989917585256,1292.4718468621013,14740.641212068971,17362.87133686921,9990.622631659528,7726.453700351913,4.750018580409444,9.636417636517299,14.386436216926743
Iraq,1745.18282,2532.323671000001,32030823.0,51.88050241955994,38.37661641938567,2.952621776721227,2.119831019184471,3.9270000000000005,4.119,1661.7751901519962,1229.234607868236,3181.9764559490063,1929.3700143837489,1400.4268253337889,825.1643362257494,1619.1975572690478,2457.4476981951175,1482.2063215698677,1982.7056232492876,0.13699123569918015,0.47474207494582993,0.61173331064501
Ireland,-161.471,45873.18513,4474356.0,101.81368733641122,142.2508983119727,7.646533319201126,7.495116817830807,4.684082506851597,4.8760825068515965,455.55068281579554,636.4811603675649,1543.886796527705,2131.339318838479,611.2807666249857,823.7775828878517,-1349.546490374036,-1666.9659972945137,-1550.2348225321869,-1884.2329696186455,0.0,0.0,0.0
Israel,-233.32224,28522.40858,7623600.0,105.0510251620258,49.11074592265529,7.608679193858546,8.025074572626925,4.684082506851597,4.8760825068515965,800.8669954252199,374.40068261595485,2706.1132033623608,1306.189168076865,1071.448345335762,504.8512670704396,-2342.212961553807,-1178.984778978509,-2686.9689843938645,-1357.242415278572,0.0,0.0,0.0
Italy,-1350.7609200000002,33786.64289,60483385.0,50.83198619174507,105.43558518367918,8.6307405781082,8.252199324682405,4.684082506851597,4.8760825068515965,3074.4905911500005,6377.101091364763,11204.745742882615,22623.777828127513,4436.36514215401,8744.248675149147,-12133.963106564635,-21529.83824356378,-14387.075864200959,-24968.578297841817,0.0,0.0,0.0
Jamaica,-55.858630000000005,4966.207956,2701200.0,54.09892572614567,20.20886684703481,4.5424950411095795,4.504640915767,4.684082506851597,4.8760825068515965,146.1320181714647,54.58819112721042,362.34482183958033,134.67742673634103,143.46545418669746,52.05376923599397,20.690462116664172,20.27632456672108,20.500141005538595,19.795685794946824,0.00019032111112557713,0.00048063877177425597,0.0006709598828998332
Japan,-4432.9884,43063.13637,127450459.0,106.63184581858116,50.7041728494744,7.570825068515966,6.094514180155353,4.684082506851597,4.8760825068515965,13590.2776935954,6462.270102880851,45784.055332370466,19113.867070815166,18127.567711386902,7387.643570436604,-39231.63304293972,-7873.834574793954,-44946.480605225435,-8404.092993351856,0.0,0.0,0.0
Jordan,-103.92333999999998,4369.998242,6047000.0,56.002161107776935,29.208808576784985,5.450994049331496,3.671850158230243,4.684082506851597,4.8760825068515965,338.6450682187271,176.62566546381882,936.7639732927347,385.464849733156,370.89882563211285,148.98486571085135,-259.71081162083453,212.69833994830398,-271.57887685139843,194.79879949367847,0.0,0.01789954045462551,0.01789954045462551
Kazakhstan,1400.12888,9070.009729,16323287.0,66.94811858807283,11.818476405402732,3.823266659600563,2.536226397952849,3.9270000000000005,4.119,1092.8133538231475,192.91638226811716,2443.468513418198,337.195616475035,1075.4004312796708,144.21380812001814,113.3611796251876,305.3429572564129,112.45158199238614,261.84263585098245,0.0009095976328014643,0.04350032140543044,0.0444099190382319
Kenya,-81.93814,794.7672094,40512682.0,4.328482173632777,6.652517625107167,5.1860151719334375,4.769619793165059,4.684082506851597,4.8760825068515965,175.35842184305346,269.5113310453619,470.78964082265315,688.1249194607568,186.4026904099564,265.9651036641148,-88.01812002022942,28.692907672360104,-90.71463706257128,28.50302593335726,0.0,0.00018988173900284265,0.00018988173900284265
Kiribati,-0.42024,1422.6184510000005,99546.0,,,,,4.684082506851597,4.8760825068515965,,,,,,,,,,,,,
"Korea, North",-12.3266,,24346229.0,1.591899618347572,1.8782509457030716,,4.958890419877958,4.684082506851597,4.8760825068515965,38.756752653302584,45.72832764355355,,119.51324150424215,,46.19270537509272,,-3.7866673783483638,,-3.8058081125468983,,0.0,
"Korea, South",-2221.24182,20540.17693,49410000.0,51.962680109446126,80.96857042619114,6.81374256166437,6.1702224308405125,4.684082506851597,4.8760825068515965,2567.476024207733,4000.657064758104,8119.659722742083,11920.976106423177,3214.867716476862,4607.540805827612,-5467.85113044472,-5177.410029691772,-6088.537574014606,-5545.4870904252375,0.0,0.0,0.0
Kuwait,2051.09655,45436.79018,2736732.0,292.520172649355,128.9733627690307,0.8706448828793362,0.7570825068515967,3.9270000000000005,4.119,800.5493171350147,352.96552903761494,736.7034819660178,298.688306640025,324.23222885045516,127.74477495221785,2446.7630019330554,1186.6409865499384,1440.6644905989751,647.3917511804693,1.0060985113340803,0.539249235369469,1.5453477467035492
Kyrgyzstan,-32.60939,880.0385141,5447900.0,16.327378278187403,29.37813594406143,3.369017155489605,2.9904759020638068,4.684082506851597,4.8760825068515965,88.94992412173715,160.04914680965226,184.35185647480571,308.8144030956739,72.99158488051513,119.3589309288147,116.9749632187748,301.7897283149309,105.56196385140834,258.45219614590974,0.011412999367366467,0.04333753216902119,0.05475053153638766
Laos,-3.15988,1158.129965,6200894.0,,,5.034598670563118,4.46678679042442,4.684082506851597,4.8760825068515965,,,,,,,,,,,0.0,,
Latvia,-29.78729,10723.35626,2239008.0,39.72738112123672,91.77799828011604,6.81374256166437,6.70018018563663,4.684082506851597,4.8760825068515965,88.94992414949799,205.49167237316607,281.30471702477166,643.3482381247269,111.37873804275479,248.6586025384113,-189.43310033981183,-374.83688258554685,-210.93671383244404,-410.8784238307757,0.0,0.0,0.0
Lebanon,-120.37085,8781.437329,4227597.0,119.85458623770106,1.8929092194333108,4.201807913026362,3.558287782202504,4.684082506851597,4.8760825068515965,506.6968892147463,8.002457337348606,1198.9745227473952,17.13831059309782,474.71749034787615,6.6240771473485465,244.36703643855213,10.545596063387416,236.43223406653905,9.561251327843356,0.007934802372013081,0.0009843447355440595,0.00891914710755714
Lesotho,-3.71107,1003.699581,2171318.0,,,4.693911542479899,4.958890419877958,4.684082506851597,4.8760825068515965,,,,,,,,,,,0.0,0.0,0.0
Liberia,-3.65011,323.6497223,3994122.0,,,4.42893266508184,4.61820329179474,4.684082506851597,4.8760825068515965,,,,,,,,,,,,,
Libya,1496.79631,,6355112.0,60.53527015480272,118.3662836795017,0.454249504110958,0.3785412534257983,3.9270000000000005,4.119,384.7084217840286,752.2309898070054,239.6118933386902,419.97085330674855,105.4561300958595,179.61560914675718,1335.996362523176,2813.6889852677823,598.4315326593401,1137.71558082055,0.737564829863836,1.6759734044472323,2.4135382343110683
Lithuania,-49.043320000000016,11046.051849999998,3286820.0,26.77265235746889,80.34546831698293,6.927304937692109,6.435201308238571,4.684082506851597,4.8760825068515965,87.9968892215759,264.08109217362585,281.0644402869659,807.0019605029092,111.28360376942699,311.91191310219733,-197.39659574602675,-411.7337958987066,-220.7992587259772,-446.26691670136995,0.0,0.0,0.0
Luxembourg,-56.73257,103574.1713,506953.0,219.3248785467678,977.5674487696244,6.208076556183092,6.208076556183092,4.684082506851597,4.8760825068515965,111.18740515391958,495.5807508561074,332.52923505094566,1482.1380871333815,131.66038221476202,572.8567573135874,-169.44894381518338,-660.1106111035693,-183.87957525329347,-708.2660695422504,0.0,0.0,0.0
Madagascar,-11.751410000000002,426.6254227,20713819.0,,,5.640264676044395,4.61820329179474,4.684082506851597,4.8760825068515965,,,,,,,,,,,0.0,,
Malawi,-6.05932,362.3028381,14900841.0,,,7.305846191117907,7.192283815090168,4.684082506851597,4.8760825068515965,,,,,,,,,,,0.0,0.0,0.0
Malaysia,85.95063999999996,8690.570239,28401017.0,100.94873227007588,46.54180064057338,2.3469557712399496,2.23339339521221,3.9270000000000005,4.119,2867.0466613308736,1321.8344712035353,4783.411071159719,2140.7019754313346,2105.237821017384,915.5480345630618,4530.060530821619,2492.4598093375616,3846.0930372763582,2047.414942038628,0.6839674935452609,0.4450448672989337,1.1290123608441947
Maldives,-6.94007,6570.429112,315885.0,,,4.1639537876837815,4.126099662341202,4.684082506851597,4.8760825068515965,,,,,,,,,,,,,
Mali,-4.69814,613.044529,15369809.0,,,5.337431673303756,4.731765667822479,4.684082506851597,4.8760825068515965,,,,,,,,,,,0.0,,
Malta,-46.72211,19624.85381,415995.0,55.747102569104705,68.01620867817066,7.267992065775328,6.624471934951471,4.684082506851597,4.8760825068515965,23.19051593323471,28.294402729075603,76.23582026312779,87.98148530850756,30.184525678656595,34.00546063487603,-59.92219579625825,-49.46963460591601,-67.904192737445,-54.055112639565,0.0,0.0,0.0
Mauritania,-5.468420000000001,1065.03555,3459773.0,,,5.413139923988916,4.807473918507639,4.684082506851597,4.8760825068515965,,,,,,,,,,,0.0,,
Mauritius,-20.62429,7577.106246,1280924.0,,,6.245930681525672,5.223869297276017,4.684082506851597,4.8760825068515965,,,,,,,,,,,0.0,0.0,0.0
Mexico,1042.02246,9127.541274,113423047.0,93.88931322365704,36.93505444046416,3.2554547794618656,3.2176006541192854,3.9270000000000005,4.119,10649.211986564573,4189.2864157483245,21621.432917114817,8446.160664826186,9515.857542777441,3612.303760651852,7151.427412074856,3776.220034862502,6751.8612783069675,3499.0711963003214,0.39956613376788847,0.2771488385621806,0.676714972330069
Moldova,-15.956659999999998,1631.923845,3562062.0,6.153683661128984,19.97851522371945,5.375285798646336,5.299577547961176,4.684082506851597,4.8760825068515965,21.91980272932843,71.16470989483255,60.128113395419774,193.5572459983812,23.806900437733425,74.81123200310995,-15.151039802003103,-30.137901742463427,-15.779296093358841,-30.892897698611147,0.0,0.0,0.0
Mongolia,-11.675530000000002,2249.7659,2756001.0,32.8513362826176,11.821996234818428,4.883182169192798,4.61820329179474,4.684082506851597,4.8760825068515965,90.5383156462304,32.581433445155824,234.4521212191491,81.59320927620661,92.82809641096878,31.536347180160057,-18.02614807410554,8.402074482264004,-18.251565123673053,8.26536906841814,0.0,0.00013670541384586343,0.00013670541384586343
Montenegro,-2.93058,6509.717447,631490.0,28.67450494264036,,6.88945081234953,6.624471934951471,4.684082506851597,4.8760825068515965,18.10766312622796,,57.646529773208,,22.824351495387834,,-39.93406634521675,,-44.6017721624115,,0.0,0.0,0.0
Morocco,-245.05258,2795.490228,31951412.0,5.458456324431714,25.02781816502389,5.375285798646336,3.633996032887664,4.684082506851597,4.8760825068515965,174.40538690592336,799.6741296517623,478.41064128831715,1734.377838823756,189.42012084434955,670.3491890062417,-120.5495775361092,993.2644200193341,-125.54831237524044,906.6633480952239,0.0,0.08660107192411022,0.08660107192411022
Mozambique,-15.1894,393.7185972,23390765.0,2.1051101392889224,4.606406502662116,5.9809518041276135,4.656057417137319,4.684082506851597,4.8760825068515965,49.240136567224454,107.74737199824143,144.00627956771768,271.15504097463736,57.017307985888216,104.80332355698032,-63.858021307711454,23.707125190390702,-68.57277178190579,23.379255216584134,0.0,0.00032786997380656756,0.00032786997380656756
Namibia,-20.81362,4853.65759,2283289.0,41.60043334748861,28.789378381133105,4.693911542479899,4.958890419877958,4.684082506851597,4.8760825068515965,94.98581185755393,65.73447097447902,240.20369271911687,171.80028462803426,95.10535212926759,66.40201396343326,-0.9336189289310836,-5.443334355288571,-0.9342060833321518,-5.470849160693469,0.0,0.0,0.0
Nepal,-21.957840000000004,534.5219887,29959364.0,1.4102840753954475,4.0638937574075085,5.450994049331496,4.126099662341202,4.684082506851597,4.8760825068515965,42.25121395817566,121.75167233549924,116.87580531466114,284.96975137942303,46.27536943339394,110.14280594017583,-32.40294366831272,91.31166554207519,-33.883668504979376,86.76468796865348,0.0,0.0045469775734217135,0.0045469775734217135
Netherlands,-958.17204,46622.90252,16615394.0,75.808883101783,111.42833359438907,8.820011204821101,7.381554441803067,4.684082506851597,4.8760825068515965,1259.5944614360667,1851.4256654342105,4650.634665067183,6143.204548918166,1841.3549035775998,2374.391608958525,-5209.592880856871,-4638.695044394266,-6211.447426608659,-5221.674888740548,0.0,0.0,0.0
New Caledonia,-14.54925,,249992.0,,,,,4.684082506851597,4.8760825068515965,,,,,,,,,,,,,
New Zealand,-91.2157,32407.070710000004,4367800.0,168.01064014389226,112.6771203486894,6.70018018563663,4.693911542479899,4.684082506851597,4.8760825068515965,733.8368740204927,492.15112625900554,2297.4783090708424,1244.5702741433595,909.6549729110262,481.03513274771285,-1479.48681831958,89.65564528722001,-1639.8508422963193,88.63285945132496,0.0,0.0010227858358950498,0.0010227858358950498
Nicaragua,-27.447099999999995,1455.835573,5788163.0,11.964740712413509,16.59066755032355,4.656057417137319,4.504640915767,4.684082506851597,4.8760825068515965,69.25386949618552,96.02948806008341,174.2830054471942,236.9194522786365,69.00496164555136,91.57102860729402,1.940845905691513,35.66934583607662,1.9373524917950644,34.82382422705774,3.4934138964486385e-06,0.0008455216090188813,0.00084901502291533
Niger,-5.13643,348.7960168,15511953.0,,,4.239662038368942,4.239662038368942,4.684082506851597,4.8760825068515965,,,,,,,,,,,,,
Nigeria,2207.65356,1443.209591,158423182.0,11.58834758361229,0.6819278132741979,2.3469557712399496,4.126099662341202,3.9270000000000005,4.119,1835.8628983178698,108.03317407320027,3062.973139358896,252.86048368629642,1348.0520076179312,108.14486159896556,2900.7445772818505,-0.7669990575680762,2462.778023757977,-0.7673953473522667,0.4379665535238737,0.0,0.4379665535238737
Norway,1839.87855,85443.05939,4889252.0,76.08552184508346,171.39055302490783,9.577093711672696,8.89571945550626,3.9270000000000005,4.119,372.001289852118,837.9716041581366,1443.0609942702251,3109.839310676614,635.1088246396688,1330.0344005723782,-2101.8421485275835,-4002.755264743962,-2671.547148542179,-4939.871515784256,0.0,0.0,0.0
Oman,750.4498600000001,20790.83796,2782435.0,213.2747270824279,17.35909233275973,1.1734778856199748,1.4384567630180336,3.9270000000000005,4.119,593.4230652495953,48.30054607490232,653.2048013308889,60.07449494021728,287.4834364378669,25.693013974447446,1634.0035333479416,129.47170212361527,1081.4465275107093,90.87819350460404,0.5525570058372323,0.03859350861901123,0.5911505144562436
Pakistan,-343.56997,1016.614375,173593383.0,4.1083811616335355,9.980403537298976,4.3153702890541,4.5424950411095795,4.684082506851597,4.8760825068515965,713.1877845014353,1732.532013744896,1714.8049806902686,4295.937411301348,678.9534735099867,1660.4099148548155,262.96104972960745,577.9509637820732,256.5117812011134,565.6941475668299,0.006449268528494031,0.012256816215243362,0.018706084743737392
Panama,-111.10739999999998,7614.009247,3516820.0,50.49509782092563,45.02201832802047,3.9746831609708826,3.861120784943143,4.684082506851597,4.8760825068515965,177.58216991858768,158.33433449634896,406.4254238990239,356.12555047633856,160.9185629773095,137.6450209419875,125.97667518032402,160.7032887776434,119.80741351408005,149.55122219113449,0.006169261666243969,0.011152066586508908,0.017321328252752878
Papua New Guinea,11.119219999999997,1382.2805880000003,6858266.0,,,,,3.9270000000000005,4.119,,,,,,,,,,,,,
Paraguay,-31.28888,2840.3495959999996,6454548.0,15.30671883485053,46.006060786518766,6.5866178096088905,4.958890419877958,4.684082506851597,4.8760825068515965,98.79795144204682,296.94832763750316,306.1578632133153,776.0891120238629,121.2189998348396,299.9638805317078,-187.9665904585949,-24.589671288329985,-207.36137474160296,-24.713966431032627,0.0,0.0,0.0
Peru,-37.95852000000001,5283.224595,29076512.0,13.73347751238012,33.67521577516724,6.1702224308405125,5.337431673303756,4.684082506851597,4.8760825068515965,399.3216236904507,979.1578155892395,1189.8804265743277,2674.558440348641,471.1168079060438,1033.7355801625297,-593.4478074784566,-451.73364204721327,-642.883102545024,-464.0198973708213,0.0,0.0,0.0
Philippines,-292.01598,2140.121591,93260798.0,9.421945747476478,13.21125976287372,4.731765667822479,3.823266659600563,4.684082506851597,4.8760825068515965,878.6981791223628,1232.092628070894,2232.819743671674,2754.8890501507517,884.0543022433527,1064.7839237978142,-41.899106719912616,1297.166644114211,-42.02646026085163,1203.3889949105971,0.0,0.09377764920361392,0.09377764920361392
Poland,-516.70159,12303.20792,38183683.0,32.84633202342185,70.47057980620478,6.5866178096088905,6.54876368426631,4.684082506851597,4.8760825068515965,1254.1939296950886,2690.8262801463247,3886.5313295063224,8309.621685254093,1538.8186853828158,3211.727014130055,-2386.148227748805,-4500.894470493609,-2632.35597153753,-4902.348784273462,0.0,0.0,0.0
Portugal,-245.40895000000003,21358.42659,10637346.0,41.21291671299696,114.77922670575424,8.138636948654664,7.154429689747587,4.684082506851597,4.8760825068515965,438.39605474533136,1220.946348081548,1542.402223379502,3975.9562067620686,610.6929702825431,1536.734936912513,-1514.4630381894249,-2781.7396726187426,-1768.5251753427099,-3104.8211468918057,0.0,0.0,0.0
Puerto Rico,-176.0,25862.72675,3721978.0,,,,,4.684082506851597,4.8760825068515965,,,,,,,,,,,,,
Qatar,1316.1619999999998,72397.6124,1758793.0,201.39453874649467,294.9356273135836,1.0220613842496555,1.0220613842496555,3.9270000000000005,4.119,354.21130498556363,518.7307167697396,358.87946265994026,525.5670789703256,157.94724867644038,224.77762514577805,1028.9620979878864,1606.4771879400612,645.5828721548985,989.2110088524091,0.3833792258329879,0.617266179087652,1.00064540492064
Romania,-89.02732,7670.303763,21438001.0,19.056547966946887,40.36797091040956,6.435201308238571,6.54876368426631,4.684082506851597,4.8760825068515965,408.53429437195535,865.408600745331,1248.4346144482017,2672.494366662627,494.30053415666396,1032.9378012181176,-715.3920838860915,-1447.5526772395203,-784.1398510802468,-1576.66618356833,0.0,0.0,0.0
Russia,7028.3742,10446.84356,142389000.0,74.42367562253415,30.113900105877132,3.747558408915403,3.785412534257983,3.9270000000000005,4.119,10597.112748217014,4287.888122175739,23411.896812478546,9530.405400988833,10303.862640731937,4076.019938135661,1901.562772442932,1430.3857320618993,1874.9240008725928,1394.251705002037,0.026638771570339257,0.03613402705986232,0.06277279863020158
Rwanda,-5.30188,529.4148635,10624005.0,,,6.54876368426631,6.54876368426631,4.684082506851597,4.8760825068515965,,,,,,,,,,,0.0,0.0,0.0
Samoa,-1.14852,3388.065072,183081.0,,,3.8989749102857223,4.012537286313463,4.684082506851597,4.8760825068515965,,,,,,,,,,,,,
Sao Tome and Principe,-0.88904,1215.48708,165397.0,,,,,4.684082506851597,4.8760825068515965,,,,,,,,,,,,,
Saudi Arabia,8118.2353,16423.44024,27448086.0,205.35370244260244,156.54089638330376,0.6056660054812774,0.2536226397952849,3.9270000000000005,4.119,5636.566085062962,4296.74798644601,4172.098202645816,1886.4821195961822,1836.1915374919167,806.8217886736118,18720.91855067093,16608.552389313605,9492.11925589858,5583.865951722736,9.22879929477235,11.02468643759087,20.253485732363217
Senegal,-38.70136999999999,1033.905319,12433728.0,2.9126683689531863,11.9067636646,6.510909558923731,5.7916811774147146,4.684082506851597,4.8760825068515965,36.215326253767564,148.04546076591961,111.44931400162012,424.6957197061736,44.12682474904278,164.14787188040498,-66.15913770000076,-135.55022706018025,-72.75256498824851,-142.58385476676372,0.0,0.0,0.0
Serbia,-59.376850000000005,5269.644097,7291436.0,20.21587125004552,50.52486776116724,6.73803431097921,6.81374256166437,4.684082506851597,4.8760825068515965,147.40273140394692,368.39883968901427,463.0474128554312,1165.0637405468462,183.33726161178743,450.30530034091396,-302.7581061004747,-713.8317159047774,-336.0945044049968,-786.1226398048019,0.0,0.0,0.0
Seychelles,-6.31621,11249.41621,86525.0,,,,,4.684082506851597,4.8760825068515965,,,,,,,,,,,,,
Sierra Leone,-9.37277,431.8183924,5867536.0,,,3.9746831609708826,3.9746831609708826,4.684082506851597,4.8760825068515965,,,,,,,,,,,,,
Singapore,-1340.99353,41986.82583,5076700.0,55.567264311396045,93.34012156586348,6.359493057553411,4.769619793165059,4.684082506851597,4.8760825068515965,282.0983307296643,473.85979515341916,855.9610736813536,1209.8739303868272,338.90602762965875,467.62475273821786,-472.6305196398494,50.448399698979976,-516.3464508401454,50.11454612184738,0.0,0.00033385357713259367,0.00033385357713259367
Slovakia,-65.96605,16036.06927,5430099.0,32.703302451494686,71.31762694000682,7.495116817830807,7.0030131883772695,4.684082506851597,4.8760825068515965,177.58216993855885,387.2617747293041,594.6568173300401,1245.0179070906981,235.44619721719215,481.20814601881443,-499.18957271542973,-823.6789504538403,-570.3742369089996,-913.9717320671846,0.0,0.0,0.0
Slovenia,-54.11354000000001,22897.93876,2048583.0,87.15058400444612,151.09156804217747,7.040867313719849,6.70018018563663,4.684082506851597,4.8760825068515965,178.53520483158024,309.52361773454805,575.8369939627814,969.0488759364263,227.99474670828286,374.5441815215701,-420.7690582381796,-564.6013126387352,-472.74120834155684,-618.8891974280212,0.0,0.0,0.0
Solomon Islands,-1.4627399999999997,1261.038751,538148.0,,,,,4.684082506851597,4.8760825068515965,,,,,,,,,,,,,
Somalia,-5.39948,,9330872.0,,,,,4.684082506851597,4.8760825068515965,,,,,,,,,,,,,
South Africa,-383.64346,7271.729185,49991300.0,42.01073475918816,28.66521711171331,5.223869297276017,5.375285798646336,4.684082506851597,4.8760825068515965,2100.171244567003,1433.0114681967937,5663.045997923373,3930.8873861983725,2242.205261958814,1519.3155219280418,-1133.6446954464814,-715.3640421034514,-1170.864098009113,-736.3458885853324,0.0,0.0,0.0
Spain,-1377.35151,29956.15635,46070971.0,36.621530153573595,146.3409639746348,6.624471934951471,6.624471934951471,4.684082506851597,4.8760825068515965,1687.1894536809145,6742.070307387445,5246.31799275114,20964.47715748312,2077.207533466865,8102.917337775542,-3273.804579124048,-11787.764448942278,-3617.3192856070687,-12880.405123914825,0.0,0.0,0.0
Sri Lanka,-80.6514,2400.015575,20653000.0,9.490510404372534,20.010156445595904,4.883182169192798,3.5204336568599244,4.684082506851597,4.8760825068515965,196.00751138150594,413.26976107089223,507.5682763730971,879.409854163546,200.96468587831578,339.89807142740784,-39.025029332396926,560.2486763320882,-39.51303747119788,506.2056599083737,0.0,0.054043016423714445,0.054043016423714445
Suriname,2.18218,8323.703586,524636.0,,,5.943097678785034,5.753827052072134,3.9270000000000005,4.119,,,,,,,,,,,0.0,0.0,0.0
Swaziland,-4.76122,3686.956261,1055506.0,,,4.921036294535378,5.072452795905698,4.684082506851597,4.8760825068515965,,,,,,,,,,,0.0,0.0,0.0
Sweden,-323.73595,49359.86692,9378126.0,104.8751123915402,108.64476552174744,7.949366321941765,8.176491073997244,4.684082506851597,4.8760825068515965,983.5320182720253,1018.8843003034033,3411.8349132100325,3594.7198559614085,1350.8691608967295,1389.3844156718578,-3211.511180886612,-3362.734473651551,-3727.1842425034647,-3890.3633557923285,0.0,0.0,0.0
Switzerland,-241.11254,70572.65694,7824909.0,128.45314146480274,84.00669066490785,7.116575564405008,7.797949820571445,4.684082506851597,4.8760825068515965,1005.1341427262081,657.3447098440533,3262.771533209508,2254.14284543739,1291.849563470697,871.2420065099363,-2444.9818240914005,-1920.674021539997,-2754.95784334386,-2194.232887511596,0.0,0.0,0.0
Syria,83.78573999999999,2892.755148,20446609.0,27.99761551912443,28.305385345696248,2.9904759020638068,1.362748512332874,3.9270000000000005,4.119,572.4562974518692,578.749146757781,1104.5529034041506,696.8507851601079,486.1272662893277,298.0332498681939,536.1191175790052,1595.1781967372137,492.7625305092621,1097.2735436225107,0.043356587069743116,0.497904653114703,0.5412612401844461
Tajikistan,-11.242,820.1831211,6878637.0,3.971765603542488,,5.488848174674075,3.444725406174765,4.684082506851597,4.8760825068515965,27.32033383585469,,75.88828401263797,,30.04692347485047,,-21.98646670454464,,-23.037239682904293,,0.0,,
Tanzania,-30.74937,526.5582778,44841226.0,1.7357059686776934,4.569903336385666,4.958890419877958,4.807473918507639,4.684082506851597,4.8760825068515965,77.83118361102538,204.92006830502368,203.41564021261115,525.6959776481536,80.539628146529,203.1851793720326,-21.388625136517412,14.059276609755079,-21.755118667467837,13.99953758066673,0.0,5.973902908834816e-05,5.973902908834816e-05
Thailand,-653.5115999999999,4613.68089,69122234.0,23.03920501535811,46.61085584555632,5.905243553442454,3.671850158230243,4.684082506851597,4.8760825068515965,1592.5213202455568,3221.8464846968122,4621.978742941379,7031.302997928998,1830.0089848970308,2717.647883182984,-1944.7250021493173,3879.8517591638933,-2080.7829664057754,3553.344445858189,0.0,0.3265073133057044,0.3265073133057044
Togo,-9.77312,529.6479953,6027798.0,9.960718455860397,5.02588458730512,4.39107853973926,4.61820329179474,4.684082506851597,4.8760825068515965,60.04119878679839,30.295017063588627,145.8787649650618,75.86737003012836,57.75869285410324,29.32327018559249,17.59230943471239,7.812455220492316,17.25215830897517,7.685343169019295,0.0003401511257372221,0.00012711205147302086,0.00046726317721024294
Tonga,-1.20222,3544.011613,104058.0,,,,,4.684082506851597,4.8760825068515965,,,,,,,,,,,,,
Trinidad and Tobago,110.02844000000002,15613.73133,1341465.0,112.48686526116845,111.00018777954948,,,3.9270000000000005,4.119,150.8971927075733,148.90286689969335,,,,,,,,,,,
Tunisia,-3.283650000000009,4206.779922,10549100.0,14.424728736640365,38.037943993686014,3.5204336568599244,2.6119346486380084,4.684082506851597,4.8760825068515965,152.16790591569287,401.26607498379315,323.8029213725525,713.854707523496,128.20531819897064,275.90984706146884,177.0700087244371,908.5257242483283,162.0681769541038,743.1960353784525,0.015001831770333297,0.16532968886987578,0.18033152064020908
Turkey,-532.47188,10049.77356,72752325.0,8.855408997617602,35.41867923128328,9.614947837015276,8.820011204821101,4.684082506851597,4.8760825068515965,644.2515934026,2576.7912625050712,2505.0918890761145,9513.946859043548,991.8567176456851,3677.2071335584033,-3176.717845811587,-10162.681008870823,-3871.2669101314377,-11992.406074414519,0.0,0.0,0.0
Turkmenistan,97.18112,4392.719583,5041995.0,49.96412973772382,,0.8327907575367564,0.7570825068515967,3.9270000000000005,4.119,251.9188923169548,,225.72635881105063,,99.34493621815199,,779.4897649582243,,450.8295983955639,,0.32866016656266045,,
Turks and Caicos Islands,-1.06279,,38354.0,,,,,4.684082506851597,4.8760825068515965,,,,,,,,,,,,,
U.A.E.,2173.06185,39624.70188000001,7511690.0,168.48809642925644,161.47416771444367,1.779143891101252,2.4226640219251094,3.9270000000000005,4.119,1265.6303490666814,1212.9438908789093,1788.2717861153203,2062.607655608051,787.0403238155186,882.1481957039699,2718.3918768505273,2057.560361484038,2097.422119223027,1737.532232646155,0.6209697576275003,0.32002812883788284,0.9409978864653832
Uganda,-22.98877,514.5119517,33424683.0,,,5.375285798646336,5.110306921248277,4.684082506851597,4.8760825068515965,,,,,,,,,,,0.0,0.0,0.0
Ukraine,-200.86548,2973.981709,45870700.0,30.24373157699772,15.364663060410924,5.110306921248277,4.731765667822479,4.684082506851597,4.8760825068515965,1387.3011380489893,704.7878498451913,3691.806525678255,1790.9041621162962,1461.7200745049781,692.1970090881433,-591.3016151567782,101.71275467578609,-606.7929418119512,100.79694078447645,0.0,0.0009158138913096394,0.0009158138913096394
United Kingdom,-226.05188999999996,36237.69743,62262786.0,76.47204170037178,102.10103589105805,8.214345199339823,8.592886452765622,4.684082506851597,4.8760825068515965,4761.362367373325,6357.094948063267,16845.15474385756,23106.924313036587,6669.607596166125,8930.988177396053,-16808.859930955463,-23628.07558751167,-19676.20458996019,-27693.899593645787,0.0,0.0,0.0
United States,-9440.68493,46611.9751,309349689.0,351.948066314871,113.2714061520478,3.671850158230243,3.9746831609708826,4.684082506851597,4.8760825068515965,108875.02485865672,35040.47426572868,237607.00341385344,80195.77423567095,94077.22867308007,30996.228743944743,110206.8221188864,31585.46058247782,102231.8096651787,29663.464350735638,7.975012453707691,1.9219962317421815,9.897008685449872
Uruguay,-50.44367,11741.69832,3356584.0,36.343040235280725,49.55537885738566,7.457262692488227,7.116575564405008,4.684082506851597,4.8760825068515965,121.98846736509952,166.336791786639,407.25501422948025,539.946785306522,161.2470278714498,208.6932163998523,-338.29600057307465,-372.676427213672,-386.01416015276067,-415.35751526101063,0.0,0.0,0.0
Uzbekistan,4.3121599999999995,1377.082143,28562400.0,14.570154244663124,2.7216955506946756,3.861120784943143,3.2933089048044453,3.9270000000000005,4.119,416.15857359776606,77.7381569971616,936.0237726035963,158.9328683095562,411.95553092590757,67.97334560265675,27.41620016780227,64.18770398947032,27.27712898853492,59.91611463876209,0.0001390711792673507,0.0042715893507082325,0.004410660529975583
Vanuatu,-0.8376499999999999,2833.3271780000005,239651.0,,,,,4.684082506851597,4.8760825068515965,,,,,,,,,,,,,
Venezuela,2108.36806,13657.74819,28834000.0,131.30644326645674,29.289902592846417,0.0870644882879336,0.0416395378768378,3.9270000000000005,4.119,3786.089985145014,844.5450513621337,875.176329268249,125.40832350063535,385.17582558255555,53.63537074128244,14538.341384495752,3443.5146009057385,2957.3786997349375,464.3940660711321,11.580962684760815,2.9791205348346064,14.560083219595422
Vietnam,9.058400000000006,1224.246918,86932500.0,16.002223307743552,17.158150143141977,4.3532244143966805,4.012537286313463,3.9270000000000005,4.119,1391.1132777004163,1491.60088731869,3362.398084105428,3433.2393512508556,1479.8325944959918,1468.3480355031359,-592.926442147306,158.79987820119428,-611.3142127277019,157.55345393231707,0.0,0.001246424268877206,0.001246424268877206
"Virgin Islands,  U.S.",-91.58578,,109750.0,,,,,4.684082506851597,4.8760825068515965,,,,,,,,,,,,,
Yemen,130.45445999999998,1290.6230769999995,24052514.0,21.81911430817147,3.089428922795222,2.19553926986963,1.779143891101252,3.9270000000000005,4.119,524.8045523648947,74.308532417537,841.2446576933324,104.99420473593266,370.2420811756514,44.904540141383286,908.6784734134628,173.87127352047457,754.2791226332608,131.8905733374936,0.15439935078020198,0.041980700182980966,0.19638005096318295
Zambia,-13.51791,1252.489909,12926409.0,3.6126591808960544,1.4371456996589078,5.602410550701815,5.602410550701815,4.684082506851597,4.8760825068515965,46.69871014986739,18.577133106382202,131.31968852316376,52.24005813767411,51.99422655464972,20.191148561941077,-42.88473514225601,-13.493092749503713,-45.20024846467357,-14.057550552162446,0.0,0.0,0.0
Zimbabwe,-13.29304,591.2851815,12571454.0,3.5630437296509863,5.183399381546075,5.753827052072134,5.299577547961176,4.684082506851597,4.8760825068515965,44.792640347295816,65.16286688873494,127.99138699774642,177.23314090624123,50.676431291038426,68.50185098773093,-47.91668267754505,-27.596150991862874,-50.8913011099712,-28.287472590232223,0.0,0.0,0.0
